तपाईको घरमा जम्मा कति कोठाहरु छन ?,कति कोठा भाडामा दिनु भएको छ ?,घर कुन वडा मा अवस्थित छ ?,के तँपाईले घरनक्सा पास (अभिलेखिकरण) गर्नु भएको छ ?,_parent_index
2,0,२,छ,1
3,0,२,छ,1
3,0,२,छैन,2
1,0,२,छैन,3
3,0,२,छैन,4
1,0,२,छैन,5
2,0,२,छैन,6
1,0,२,छैन,7
2,0,२,छैन,8
2,0,२,छैन,9
1,0,२,छैन,10
1,0,२,छैन,11
4,2,२,छैन,12
1,0,२,छैन,13
1,0,२,छैन,14
1,0,२,छैन,15
1,0,२,छैन,16
2,0,२,छैन,17
1,0,२,छैन,18
1,0,२,छैन,19
2,0,२,छैन,20
2,0,२,छैन,21
2,0,२,छैन,22
2,0,२,छैन,23
1,0,२,छैन,24
1,0,२,छैन,25
1,0,२,छैन,26
2,0,२,छैन,27
2,0,२,छैन,28
1,0,२,छैन,29
1,0,२,छैन,30
1,0,२,छैन,31
1,0,२,छैन,32
1,0,२,छैन,33
1,0,२,छैन,34
2,0,२,छैन,35
1,0,२,छैन,36
2,0,२,छैन,37
1,0,२,छैन,38
1,0,२,छैन,39
2,0,२,छैन,40
1,0,२,छैन,41
1,0,२,छैन,42
1,0,२,छैन,43
1,0,२,छैन,44
2,0,२,छैन,45
1,0,२,छैन,46
1,0,२,छैन,47
1,0,२,छैन,48
1,0,२,छैन,49
1,0,२,छैन,50
1,0,२,छैन,51
1,0,२,छैन,52
2,0,२,छैन,53
1,0,२,छैन,54
1,0,२,छैन,55
2,0,२,छैन,56
1,0,२,छैन,57
1,0,२,छैन,58
2,0,२,छैन,59
2,0,२,छैन,60
1,0,२,छैन,61
1,0,२,छैन,62
2,0,२,छैन,63
1,0,२,छैन,64
1,0,२,छैन,65
1,0,२,छैन,66
1,0,२,छैन,67
1,0,२,छैन,68
1,0,२,छैन,69
2,0,२,छैन,70
1,0,२,छैन,71
1,0,२,छैन,72
1,0,२,छैन,73
2,0,२,छैन,74
1,0,२,छैन,75
2,0,२,छैन,76
1,0,२,छैन,77
2,0,२,छैन,78
1,0,२,छैन,79
1,0,२,छैन,80
1,0,२,छैन,81
1,0,२,छैन,82
1,0,२,छैन,83
1,0,२,छैन,84
1,0,२,छैन,85
1,0,२,छैन,86
1,0,२,छैन,87
1,0,२,छैन,88
3,0,२,छैन,89
1,0,२,छैन,90
1,0,२,छैन,91
1,0,२,छैन,92
1,0,२,छैन,93
1,0,२,छैन,94
1,0,२,छैन,95
1,0,२,छैन,96
1,0,२,छैन,97
1,0,२,छैन,98
1,0,२,छैन,99
1,0,२,छैन,100
1,0,२,छैन,101
1,0,२,छैन,102
1,0,२,छैन,103
1,0,२,छैन,104
1,1,२,छैन,105
1,0,२,छैन,106
1,0,२,छैन,107
1,0,२,छैन,108
1,0,२,छैन,109
1,0,२,छैन,110
1,0,२,छैन,111
1,0,२,छैन,112
2,0,२,छैन,113
1,0,२,छैन,114
1,0,२,छैन,115
1,0,२,छैन,116
1,0,२,छैन,117
2,0,२,छैन,118
1,0,२,छैन,119
1,0,२,छैन,120
1,0,२,छैन,121
1,0,२,छैन,122
1,0,२,छैन,123
1,0,२,छैन,124
1,0,२,छैन,125
2,0,२,छैन,126
1,0,२,छैन,127
1,0,२,छैन,128
1,0,२,छैन,129
1,0,२,छैन,130
1,0,२,छैन,131
2,0,२,छैन,132
2,0,२,छैन,133
2,0,२,छैन,134
1,0,२,छैन,135
2,0,२,छैन,136
1,0,२,छैन,137
1,0,२,छैन,138
1,0,२,छैन,139
1,0,२,छैन,140
1,0,२,छैन,141
1,0,२,छैन,142
1,0,२,छैन,143
2,0,२,छैन,144
1,0,२,छैन,145
2,0,५,छैन,146
2,2,५,छैन,147
1,1,५,छैन,148
1,0,५,छैन,149
2,0,५,छैन,150
2,0,३,छैन,151
4,0,७,छैन,152
3,0,७,छैन,153
6,0,७,छैन,154
1,0,७,छैन,155
4,0,७,छैन,156
2,0,७,छैन,157
3,0,७,छैन,158
2,0,७,छैन,159
3,0,७,छैन,160
7,1,७,छैन,161
2,0,३,छैन,162
3,0,२,छ,163
1,0,६,छैन,164
3,0,२,छैन,165
2,0,१,छैन,166
1,0,५,छैन,167
2,0,५,छैन,167
1,0,५,छैन,168
4,0,२,छैन,169
4,0,३,छैन,170
2,0,२,छैन,171
2,0,२,छैन,172
1,0,२,छैन,173
3,0,२,छैन,174
2,0,२,छैन,175
1,0,५,छैन,176
24,0,५,छैन,176
2,0,२,छैन,177
2,0,५,छैन,178
2,0,५,छैन,178
2,0,५,छैन,179
2,0,२,छैन,180
1,0,२,छैन,181
2,0,५,छैन,182
2,0,२,छैन,183
2,0,२,छैन,183
1,0,२,छैन,183
2,0,२,छैन,184
2,0,२,छैन,185
2,0,२,छैन,186
1,0,२,छैन,186
4,0,२,छैन,187
1,0,२,छैन,187
3,0,२,छैन,188
3,0,२,छैन,189
1,0,६,छैन,190
2,0,२,छैन,191
2,0,६,छैन,192
2,0,६,छैन,193
2,0,२,छैन,194
2,0,६,छैन,195
1,0,६,छैन,196
3,0,३,थाहा छैन,197
3,0,३,छैन,198
2,0,३,छैन,198
2,0,३,थाहा छैन,199
3,0,२,छैन,200
2,0,३,थाहा छैन,201
1,0,३,छैन,202
1,0,३,थाहा छैन,203
3,0,३,थाहा छैन,204
3,0,३,थाहा छैन,205
4,0,३,थाहा छैन,206
2,0,३,छैन,207
4,0,३,छैन,207
4,0,३,छैन,208
2,0,३,छैन,209
2,0,३,छैन,210
4,0,३,छैन,211
2,0,६,छैन,212
1,0,६,छैन,213
2,0,६,छ,214
2,0,६,छैन,215
3,0,६,छैन,216
2,0,६,छैन,217
2,0,३,थाहा छैन,218
3,0,३,थाहा छैन,219
2,0,३,थाहा छैन,219
1,0,३,छैन,220
2,0,३,थाहा छैन,221
4,0,३,छैन,222
4,0,३,छैन,223
2,0,३,छैन,224
1,0,३,थाहा छैन,225
2,0,३,थाहा छैन,226
4,0,३,छैन,227
3,8,३,छैन,228
8,3,३,छैन,228
2,0,३,छैन,229
12,8,३,छ,229
2,0,३,छैन,230
1,0,६,छैन,231
3,0,३,छैन,232
4,0,३,छैन,233
2,0,६,छैन,234
2,0,३,छैन,235
4,0,५,छैन,236
2,0,६,छैन,237
1,0,२,छैन,238
2,0,३,छैन,239
2,0,३,छैन,240
2,0,६,छैन,241
8,0,३,छ,242
1,0,६,छैन,243
2,0,६,छैन,243
4,0,३,छैन,244
2,0,३,छैन,245
2,0,३,छैन,246
4,0,३,छैन,247
4,0,३,छैन,248
6,0,३,छ,249
2,0,२,छैन,250
4,0,३,छैन,251
2,0,३,छैन,252
3,0,३,छैन,253
2,0,३,छैन,254
2,0,३,छैन,254
4,0,३,छैन,255
3,0,३,छैन,256
2,0,३,छैन,257
4,0,३,छ,258
2,0,३,छैन,259
2,0,३,छैन,260
3,0,३,छैन,261
2,0,३,छैन,262
2,0,३,छैन,262
4,0,३,छैन,263
3,0,३,छैन,264
4,0,३,छैन,265
1,0,३,छैन,265
1,0,३,थाहा छैन,266
2,0,३,छैन,266
2,0,३,छैन,267
2,0,२,छैन,268
2,0,२,छैन,268
2,0,२,छैन,269
3,0,४,छैन,270
2,0,२,छैन,271
2,0,३,छैन,272
2,0,६,छैन,273
2,0,२,छैन,274
2,0,६,छैन,275
1,0,२,छ,276
1,2,२,छ,276
1,0,३,छैन,277
2,0,५,छैन,278
2,0,५,छैन,278
2,0,५,छैन,279
2,0,५,छैन,279
2,0,५,छैन,280
1,0,५,छैन,281
2,0,२,छैन,282
1,0,६,छैन,283
2,0,२,छैन,284
2,0,२,छैन,285
2,0,४,छ,286
2,2,४,छ,286
2,0,४,छ,287
2,0,४,छ,287
2,8,४,छ,287
2,0,४,छ,288
2,0,४,छ,289
2,0,४,छ,289
2,0,४,छ,290
2,0,४,छ,290
2,0,४,छ,290
2,0,४,छ,291
2,0,४,छ,291
3,0,४,छ,292
2,0,४,छ,293
2,0,४,छ,293
2,0,४,छ,294
2,0,४,छ,295
2,0,४,छ,296
1,0,४,छ,296
2,0,४,छ,297
1,0,४,छ,297
2,0,४,छ,298
3,0,४,छ,299
2,0,४,छ,299
4,0,४,छ,300
1,0,४,छ,300
2,0,४,छ,301
2,0,४,छ,302
3,0,४,छ,303
2,0,४,छ,304
3,0,४,छ,305
2,0,४,छ,306
2,0,४,छ,307
2,0,४,छ,307
2,0,४,छ,308
2,0,४,छ,309
2,0,२,छैन,310
3,0,५,छैन,311
2,0,५,छैन,312
2,0,५,छैन,313
2,0,५,छैन,314
1,0,५,छैन,315
2,0,५,छैन,316
2,0,६,छैन,317
2,0,४,छैन,318
1,0,५,छैन,319
1,0,५,छैन,320
1,0,५,छैन,321
2,0,५,छैन,322
1,0,२,छैन,323
1,0,२,छैन,323
1,0,२,छैन,324
2,0,२,छैन,324
2,0,२,छैन,325
1,0,२,छैन,326
2,0,२,छ,327
2,0,२,छैन,328
1,0,२,छैन,329
2,0,४,छैन,330
2,0,६,छैन,331
1,0,६,थाहा छैन,332
2,0,२,छैन,333
1,0,६,छैन,334
1,0,१,छैन,335
2,0,७,छैन,336
4,0,७,थाहा छैन,337
2,0,७,छैन,338
2,0,७,छैन,339
1,0,७,छैन,340
4,0,७,छैन,341
4,0,७,छैन,342
4,0,७,छैन,343
2,0,७,छैन,343
4,0,७,छैन,344
4,0,७,छैन,345
4,0,७,छैन,346
3,0,७,छैन,347
2,0,७,छैन,347
6,0,७,छैन,348
1,0,७,छैन,349
2,0,७,छैन,350
2,0,७,छैन,351
4,0,७,छैन,352
2,0,७,छैन,353
2,0,७,छैन,354
3,0,७,छैन,355
2,0,७,छैन,356
4,0,७,छैन,357
4,0,७,छैन,358
1,0,७,छैन,358
4,0,७,छैन,359
2,0,७,छैन,360
2,0,७,छैन,361
2,0,७,छैन,362
3,0,७,छैन,363
2,0,७,छैन,364
4,0,७,छैन,365
2,0,७,छैन,366
4,0,७,छैन,367
1,0,७,छैन,367
2,0,७,छैन,368
2,0,७,छैन,369
1,0,७,छैन,370
1,0,७,छैन,371
2,0,४,छैन,372
2,0,४,छैन,372
2,0,४,छैन,373
4,0,४,छैन,374
2,0,४,छैन,375
1,0,४,छैन,375
2,0,४,छैन,376
3,0,४,छैन,376
3,0,४,छैन,377
1,0,४,छैन,377
2,0,४,छैन,378
1,0,४,छैन,378
3,0,४,छैन,379
2,0,४,छैन,380
1,0,४,छैन,380
1,0,४,छैन,380
4,0,४,छैन,381
2,0,४,छैन,382
2,0,४,छैन,382
2,0,५,छैन,383
2,0,४,छैन,384
4,0,४,छैन,385
2,0,४,छैन,386
2,0,४,छैन,387
3,0,४,छैन,388
3,0,४,छैन,389
2,0,४,छैन,390
1,0,५,छैन,391
2,0,४,छैन,392
1,0,२,छैन,393
3,0,१,छैन,393
1,0,२,छैन,394
1,0,३,छैन,395
2,0,३,छैन,396
2,0,३,छैन,396
2,0,२,छैन,397
2,0,५,छैन,398
1,0,५,छैन,398
2,0,२,छैन,399
2,0,२,छैन,400
2,0,२,छैन,401
2,0,४,छैन,402
1,0,२,छैन,403
2,0,५,छैन,404
3,0,१,छैन,405
2,0,२,छैन,406
2,0,२,छैन,407
2,0,७,छैन,408
2,0,७,छैन,409
3,0,७,छैन,410
2,0,७,छैन,411
2,0,७,छैन,412
4,0,७,छैन,413
1,0,७,छैन,413
2,0,७,छैन,414
3,0,७,छैन,415
2,0,७,छैन,416
2,0,७,छैन,416
4,0,७,छैन,417
1,0,७,थाहा छैन,418
2,0,७,छैन,419
2,0,७,थाहा छैन,420
2,0,७,छैन,421
1,0,७,छैन,421
2,0,७,थाहा छैन,422
2,0,७,छैन,423
2,0,७,छैन,424
2,0,७,थाहा छैन,425
2,0,७,थाहा छैन,426
4,0,७,छैन,427
3,0,७,थाहा छैन,427
2,0,७,छैन,428
2,0,७,छैन,429
2,0,७,थाहा छैन,430
2,0,७,थाहा छैन,431
2,0,७,छैन,432
4,0,७,थाहा छैन,433
2,0,७,छैन,434
2,0,७,छैन,435
1,0,७,छैन,435
1,0,७,छैन,436
2,0,७,थाहा छैन,437
2,0,७,थाहा छैन,438
1,0,७,थाहा छैन,439
2,0,७,थाहा छैन,439
1,0,७,छैन,440
2,0,७,छैन,441
2,0,७,छैन,442
2,0,७,छैन,442
7,0,७,छैन,442
3,0,७,छैन,443
2,0,७,छैन,444
2,0,७,छैन,445
4,0,७,थाहा छैन,446
2,0,७,छैन,447
3,0,७,छैन,447
2,0,२,छैन,448
2,0,२,छैन,449
1,0,२,छैन,449
2,0,५,छैन,450
2,0,२,छैन,451
2,0,२,छैन,452
2,0,५,छैन,453
2,0,३,छैन,454
2,0,२,छैन,455
2,0,२,छैन,456
4,0,५,छैन,457
2,0,२,छैन,458
4,0,५,छैन,459
2,0,२,छैन,460
4,0,२,छैन,461
3,0,५,छैन,462
1,0,५,छैन,463
2,0,२,छ,464
2,0,२,छ,465
2,0,२,छ,466
1,0,५,छैन,467
10,4,१,छैन,468
1,0,५,छैन,469
3,0,४,छ,470
1,0,४,छ,470
2,0,४,छ,471
3,0,४,छ,472
1,0,४,छ,473
5,0,४,छ,474
2,0,४,छ,475
1,0,४,छ,475
2,0,४,छ,476
2,0,४,छ,476
2,0,४,छ,477
2,0,४,छ,478
2,0,४,छ,479
2,0,४,छ,480
2,0,४,छ,481
2,0,४,छ,482
1,0,४,छ,483
2,0,४,छ,484
1,0,४,छ,484
2,0,४,छ,485
2,0,४,छ,486
2,0,४,छ,487
2,0,४,छ,487
2,0,४,छ,488
2,0,४,छ,488
1,0,४,छ,489
1,0,४,छ,489
2,0,४,छ,490
2,0,४,छ,491
2,0,४,छ,491
2,0,४,छ,492
1,0,४,छ,492
2,2,४,छ,493
2,8,४,छ,494
1,0,२,छैन,495
3,0,४,छ,496
2,0,३,छैन,497
2,0,३,छैन,498
2,0,३,छैन,499
2,0,३,छैन,500
2,0,३,छैन,501
2,0,३,छैन,502
2,0,७,छैन,503
2,0,५,छैन,504
2,0,७,छैन,505
4,0,२,छैन,506
1,0,२,छैन,506
1,0,३,थाहा छैन,507
1,0,३,थाहा छैन,508
2,0,३,छैन,509
2,0,३,थाहा छैन,510
4,0,३,छैन,511
4,0,३,छैन,512
1,0,७,छैन,513
2,0,७,छैन,513
4,0,३,छैन,514
4,0,३,छैन,514
4,0,३,छैन,515
2,0,३,थाहा छैन,516
4,0,३,छैन,517
12,0,३,छ,517
2,0,३,थाहा छैन,518
2,0,३,छैन,519
4,1,३,छैन,519
1,0,३,छैन,520
4,0,३,छैन,521
1,0,३,छैन,522
2,0,३,छैन,522
2,0,२,छैन,523
2,0,७,छैन,524
2,0,७,छैन,524
2,0,२,छैन,525
2,0,३,छैन,526
2,0,७,छैन,527
2,0,१,छैन,528
2,0,१,छैन,529
2,0,१,छैन,530
2,0,१,छैन,531
2,0,१,छैन,532
2,0,१,छैन,533
2,0,१,छैन,534
4,0,५,छैन,535
2,0,१,छैन,536
1,0,१,छैन,537
2,0,२,छैन,538
3,0,२,छ,538
2,0,१,छैन,539
2,0,१,छैन,540
2,0,७,छ,541
1,0,१,छैन,542
2,0,२,छैन,543
4,0,२,छैन,544
2,0,१,छैन,545
2,0,१,छैन,546
1,0,१,छैन,547
2,0,१,छैन,548
2,0,२,छैन,549
2,0,२,छैन,549
2,0,२,छैन,550
1,0,५,छैन,551
2,0,३,छैन,552
1,0,३,छैन,552
1,0,७,छैन,553
2,0,७,छैन,553
4,0,२,छैन,554
1,0,२,छैन,554
1,0,२,छ,555
2,0,२,छैन,555
2,0,२,छैन,556
2,0,२,छैन,557
1,0,२,छैन,557
2,0,२,छैन,558
1,0,२,छैन,559
1,0,२,छैन,560
3,0,३,छैन,561
2,0,२,छैन,562
1,0,२,छैन,562
2,0,२,छैन,563
1,0,२,छैन,564
4,0,२,छैन,564
2,0,६,छैन,565
1,0,२,छैन,566
3,0,२,छैन,566
2,0,२,छैन,567
2,0,२,छैन,568
2,0,३,छैन,569
2,0,२,छैन,570
2,0,२,छैन,571
4,0,२,छैन,572
3,0,३,छैन,573
2,0,५,छैन,574
2,0,३,छैन,575
3,0,३,छैन,576
2,0,३,छैन,576
4,0,३,थाहा छैन,577
2,0,५,छैन,578
3,0,३,छैन,579
2,0,३,छैन,580
2,0,३,छैन,581
3,0,४,छैन,582
2,0,४,छैन,582
2,0,२,छैन,583
2,0,२,छैन,583
2,0,७,छैन,584
2,0,७,छैन,585
4,0,३,छैन,586
2,0,५,छैन,587
2,0,५,छैन,588
2,8,५,छैन,589
2,8,५,छैन,589
3,0,१,छैन,590
1,1,६,छैन,591
3,0,४,छैन,592
1,0,५,छैन,593
3,0,५,छैन,593
4,0,३,छैन,594
2,0,५,छैन,595
2,0,५,छैन,596
4,0,४,छैन,597
2,0,६,छैन,598
2,0,६,छैन,599
1,0,६,छैन,600
2,0,५,छैन,601
2,0,६,छैन,602
3,0,६,छ,602
2,0,५,छैन,603
4,0,५,छैन,604
2,0,५,छैन,605
2,0,६,छैन,606
2,0,३,छैन,607
1,0,३,छैन,607
2,0,३,छैन,609
2,0,६,छैन,610
2,0,५,छैन,611
1,0,६,छैन,612
4,0,३,छैन,613
1,0,५,छैन,614
4,0,५,छैन,614
4,0,५,छैन,615
1,0,६,छ,616
1,0,२,छैन,617
2,0,३,छैन,618
1,0,५,छैन,619
2,0,३,छैन,620
4,0,५,छैन,621
1,0,७,छैन,622
2,0,६,छैन,623
2,0,४,छैन,624
1,0,१,छैन,625
2,0,७,छैन,626
2,0,६,छैन,627
10,0,६,छ,627
4,0,१,छैन,628
2,0,१,छैन,629
1,0,५,छैन,630
2,0,१,छैन,631
1,0,६,छैन,632
1,0,७,छैन,633
8,0,१,छैन,634
2,0,६,छैन,635
2,0,१,छैन,636
2,0,१,छैन,637
2,0,१,छैन,638
2,0,१,छैन,639
2,0,१,छैन,640
2,0,१,छैन,641
2,0,२,छ,642
2,0,२,छ,643
2,0,२,छ,644
2,0,२,छ,645
2,0,१,छैन,646
2,0,२,छैन,647
2,0,२,छ,648
2,0,२,छ,649
2,0,२,छ,650
3,0,२,छ,651
1,0,२,छ,652
2,0,१,छ,653
2,0,६,छैन,654
3,0,२,छ,655
2,1,१,छैन,656
2,0,२,छ,657
2,0,३,छैन,658
1,0,६,छैन,659
1,2,१,छैन,660
2,0,५,छैन,661
1,0,५,छैन,662
2,0,१,छैन,663
1,0,६,छैन,664
3,0,२,छ,665
4,0,२,छ,666
1,0,२,छ,667
1,0,२,छ,667
3,0,२,छ,668
4,0,२,छ,669
2,0,२,छैन,670
1,0,२,छ,671
2,0,२,छ,672
2,0,२,छ,673
1,0,२,छैन,674
1,0,१,छैन,675
2,0,४,छैन,676
2,0,७,छैन,677
2,0,१,छैन,678
1,0,५,छैन,679
1,0,३,छैन,680
2,0,२,छ,681
2,0,३,छैन,682
2,0,७,छैन,683
2,0,२,छैन,684
3,0,२,छैन,685
2,0,२,छैन,686
2,0,२,छ,687
3,0,३,छैन,688
2,0,७,छैन,689
2,0,१,छैन,690
2,0,३,छैन,691
1,0,३,छैन,691
2,0,३,छैन,692
2,0,३,छैन,693
2,0,३,छैन,694
2,0,३,छैन,695
4,0,३,छैन,696
2,0,३,छैन,697
2,0,३,छैन,698
2,0,३,छैन,699
2,0,३,छैन,700
2,0,३,छैन,701
1,0,३,छैन,702
2,0,३,छैन,703
2,0,३,छैन,704
4,0,१,छैन,705
2,0,३,छैन,706
1,0,३,छैन,707
1,0,३,छैन,708
1,0,१,छैन,709
4,0,३,छैन,710
2,0,३,छैन,711
1,0,३,छैन,712
1,0,३,छैन,713
2,0,१,छैन,714
2,0,१,छैन,715
2,0,१,छैन,716
2,0,१,छैन,717
4,0,१,छैन,718
4,0,१,छैन,719
4,0,१,छैन,720
8,0,१,छैन,721
2,0,१,छैन,722
2,0,१,छैन,723
2,0,१,छैन,724
1,0,१,छैन,725
2,0,१,छैन,726
2,0,१,छैन,727
2,0,१,छैन,728
2,0,१,छैन,729
2,0,१,छैन,730
2,0,१,छैन,731
2,0,१,छैन,732
2,0,१,छैन,733
2,0,१,छैन,734
3,0,३,छैन,735
2,0,३,छैन,736
2,0,३,छैन,737
2,0,३,छैन,738
2,0,५,छैन,739
2,0,५,छैन,740
1,0,५,छैन,740
2,0,५,छैन,741
2,0,५,छैन,742
2,0,५,छैन,743
1,0,५,छैन,743
2,0,५,छैन,744
2,0,५,छैन,745
1,0,५,छैन,746
4,0,५,छैन,746
1,0,५,छैन,747
3,0,५,छैन,747
2,0,५,छैन,748
2,0,५,छैन,750
3,0,५,छैन,751
3,0,५,छैन,751
2,0,५,छैन,752
2,0,५,छैन,753
1,0,५,छैन,753
2,0,२,छैन,754
1,0,५,छैन,755
2,0,५,छैन,755
2,0,५,छैन,756
2,0,५,छैन,757
1,0,५,छैन,758
1,0,५,छैन,758
1,0,५,छैन,758
2,0,५,छैन,759
2,0,५,छैन,760
2,0,५,छैन,761
2,0,५,छैन,762
2,0,५,छैन,763
2,0,५,छैन,763
2,0,५,छैन,764
2,0,५,छैन,764
2,0,५,छैन,765
2,0,५,छैन,766
1,0,५,छैन,767
2,0,५,छैन,768
2,0,५,छैन,769
2,0,५,छैन,770
2,0,५,छैन,771
1,0,५,छैन,771
3,0,५,छैन,772
1,0,५,छैन,772
1,0,५,छैन,773
2,0,५,छैन,773
1,0,५,छैन,774
2,0,५,छैन,774
1,0,५,छैन,774
3,0,५,छैन,775
1,0,५,छैन,775
1,0,५,छैन,776
2,0,५,छैन,777
13,0,५,छैन,777
2,0,५,छैन,778
1,0,५,छैन,779
1,0,५,छैन,779
2,0,५,छैन,780
1,0,५,छैन,781
2,0,५,छैन,782
1,0,५,छैन,782
2,0,३,छैन,783
1,0,५,छैन,784
2,0,५,छैन,784
2,0,५,छैन,785
1,0,५,छैन,786
3,0,५,छैन,787
2,0,५,छैन,788
2,0,५,छैन,789
1,0,५,छैन,790
10,0,५,छैन,791
2,0,५,छैन,791
2,0,५,छैन,792
2,0,५,छैन,793
2,0,५,छैन,794
2,0,५,छैन,795
2,0,५,छैन,795
1,0,५,छैन,796
2,0,५,छैन,796
2,0,५,छैन,797
2,0,५,छैन,797
2,0,५,छैन,798
2,0,५,छैन,799
1,0,५,छैन,799
2,0,५,छैन,800
2,0,५,छैन,801
3,0,५,छैन,802
3,0,५,छैन,803
2,0,५,छैन,804
1,0,५,छैन,805
1,0,५,छैन,805
1,0,५,छैन,806
1,0,५,छैन,806
2,0,५,छैन,807
2,1,५,छैन,808
1,0,५,छैन,808
2,0,५,छैन,809
1,0,५,छैन,810
2,0,५,छैन,811
2,0,५,छैन,812
2,0,५,छैन,813
1,0,५,छैन,814
1,0,५,छैन,815
1,2,५,छैन,816
1,0,५,छैन,816
1,0,५,छैन,817
1,0,५,छैन,817
1,0,५,छैन,818
5,0,५,छैन,819
2,0,१,छैन,820
2,0,३,छैन,821
2,0,३,छैन,822
2,0,१,छैन,823
2,0,६,छैन,824
2,0,२,छैन,825
2,0,१,छैन,826
2,0,२,छैन,827
1,0,६,छैन,828
2,0,१,छैन,829
3,0,४,छैन,830
2,0,१,छैन,831
2,0,१,छैन,832
2,0,१,छैन,833
4,0,१,छैन,834
2,0,५,छैन,835
4,0,१,छैन,836
2,0,३,छैन,837
2,0,१,छैन,838
2,0,१,छैन,839
2,0,१,छैन,840
2,0,१,छैन,841
2,0,१,छैन,842
2,0,१,छैन,843
2,0,१,छैन,844
2,0,१,छैन,845
2,0,१,छैन,846
1,0,१,छैन,847
2,0,१,छैन,848
2,0,१,छैन,849
2,0,१,छैन,850
2,0,१,छैन,851
4,0,१,छैन,852
2,0,२,छैन,853
2,0,१,छैन,854
2,0,३,छैन,855
2,0,३,छैन,856
3,0,३,छैन,856
2,0,४,छैन,857
2,0,१,छैन,858
2,0,३,छैन,859
2,0,१,छैन,860
2,0,१,छैन,861
2,0,१,छैन,862
2,0,१,छैन,863
2,0,१,छैन,864
2,0,१,छैन,865
2,0,१,छैन,866
2,0,१,छैन,867
2,0,१,छैन,868
2,0,१,छैन,869
2,0,१,छैन,870
2,0,१,छैन,871
2,0,१,छैन,872
2,0,१,छैन,873
2,0,१,छैन,874
2,0,१,छैन,875
2,0,१,छैन,876
2,0,१,छैन,877
2,0,१,छैन,878
2,0,१,छैन,879
2,0,१,छैन,880
2,0,१,छैन,881
2,0,१,छैन,882
2,0,३,छैन,883
2,0,१,छैन,884
2,0,१,छैन,884
2,0,३,छैन,885
2,0,३,छैन,886
2,0,३,छैन,887
2,0,३,छैन,888
2,0,३,छैन,889
2,0,३,छैन,890
1,0,३,छैन,890
4,0,३,छैन,891
1,0,३,छैन,891
2,0,३,छैन,892
2,0,२,छैन,893
3,0,२,छ,894
1,0,२,छ,895
4,0,२,छ,896
7,0,२,छ,897
2,0,२,छ,898
3,0,२,छैन,899
1,0,३,छैन,900
2,0,३,छैन,901
6,4,३,छैन,901
2,0,३,छैन,902
1,0,३,छैन,902
3,0,३,छैन,903
2,0,३,छैन,903
2,0,३,छैन,904
2,0,२,छैन,905
2,0,३,छैन,906
1,0,३,छैन,907
2,0,३,छैन,908
2,0,३,छैन,909
3,0,३,छैन,909
2,0,३,छैन,910
2,0,२,छैन,911
2,0,३,छैन,912
2,0,३,छैन,913
2,0,३,छैन,914
4,0,३,छैन,915
2,0,३,छैन,915
2,0,३,छैन,916
4,0,३,छैन,917
2,0,३,छैन,918
4,0,३,छैन,919
2,0,३,छैन,920
2,0,३,छैन,921
2,0,३,छैन,922
2,0,६,छैन,923
4,0,३,छैन,924
2,0,३,छैन,925
4,0,३,छैन,926
2,0,२,छैन,927
2,0,३,छैन,928
2,0,३,छैन,929
2,0,३,छ,930
1,0,३,छैन,931
2,0,३,छैन,932
2,0,३,छैन,933
2,0,३,छैन,934
2,0,३,छैन,935
4,0,३,छैन,936
2,0,३,छैन,937
4,0,३,छैन,938
2,0,३,छैन,939
2,0,३,छैन,940
1,0,३,छैन,941
2,0,३,छैन,942
2,0,३,छैन,943
2,0,३,छैन,944
4,0,३,छैन,945
2,0,३,छैन,946
2,0,३,छैन,947
2,0,७,छैन,948
2,0,३,छैन,949
4,0,३,छैन,950
1,0,३,छैन,950
2,0,३,छैन,950
2,0,३,छैन,951
1,0,३,छैन,951
2,0,३,छैन,952
2,2,६,छैन,953
2,0,३,छैन,954
2,0,३,छैन,955
2,0,३,छैन,956
2,0,३,छैन,957
2,0,३,छैन,958
1,0,३,छैन,958
2,0,३,छैन,959
4,0,३,छैन,959
2,0,३,छैन,960
1,0,३,छैन,960
2,0,३,छैन,961
2,0,३,छैन,962
2,0,२,छैन,963
3,0,३,छैन,964
2,0,३,छैन,965
4,0,३,छैन,966
2,0,३,छैन,967
2,0,३,छैन,967
2,0,३,छैन,968
2,0,३,छैन,969
2,0,३,छैन,969
4,0,३,छैन,970
2,0,३,छैन,971
2,0,३,छैन,972
4,0,३,छैन,973
2,0,३,छैन,974
4,0,३,छैन,975
2,0,३,छैन,976
2,0,२,छैन,977
2,0,७,छैन,978
4,0,३,छैन,979
2,0,३,छैन,979
2,0,३,छैन,980
3,0,३,छैन,980
3,0,३,छैन,981
3,0,३,छैन,982
4,0,३,छैन,983
3,0,३,छैन,984
1,0,१,छैन,985
2,0,३,छैन,986
2,0,३,छैन,986
3,0,३,छैन,987
2,0,३,छैन,987
2,0,३,छैन,988
2,0,१,छैन,989
2,0,१,छैन,990
1,0,१,छैन,991
2,1,१,छैन,992
2,0,१,छैन,993
1,0,१,छैन,994
2,0,१,छैन,995
2,1,१,छैन,996
2,0,१,छैन,997
2,0,१,छैन,998
3,0,३,छैन,999
2,0,३,छैन,1000
3,0,३,छैन,1000
2,0,३,छैन,1001
2,0,३,छैन,1002
2,0,३,छैन,1003
2,0,३,छैन,1004
2,0,३,छैन,1005
2,0,३,छैन,1006
4,0,३,छैन,1007
1,0,३,छैन,1008
2,0,२,छैन,1009
2,0,३,छैन,1010
3,0,३,छैन,1011
2,0,३,छैन,1012
2,0,३,छैन,1013
2,0,३,छैन,1014
2,0,३,छैन,1015
2,0,३,छैन,1016
2,0,३,छैन,1017
4,0,३,छैन,1018
2,0,३,छैन,1018
2,0,३,छैन,1018
2,0,३,छैन,1019
2,0,१,छैन,1020
2,0,५,छैन,1021
2,0,३,छैन,1023
2,0,५,छैन,1024
1,0,२,छैन,1025
3,0,५,छैन,1026
2,0,३,छैन,1027
2,0,५,छैन,1028
2,0,५,छैन,1029
2,0,५,छैन,1029
2,0,३,छैन,1030
2,0,५,छैन,1031
2,0,५,छैन,1032
2,0,५,छैन,1033
2,0,५,छैन,1034
1,0,२,छैन,1035
1,0,२,छैन,1035
2,0,३,छैन,1036
2,0,३,छैन,1036
2,0,३,छैन,1036
2,0,३,छैन,1037
2,0,३,छैन,1038
2,0,३,छैन,1039
2,0,३,छैन,1040
1,0,२,छैन,1041
1,2,२,छैन,1041
1,0,३,छैन,1042
2,0,२,छैन,1043
2,0,३,छैन,1044
2,0,३,छैन,1044
2,0,३,छैन,1045
2,0,३,छैन,1046
1,0,३,छैन,1047
1,0,३,छैन,1048
2,0,४,छैन,1049
2,0,४,छैन,1049
1,0,६,छैन,1050
2,0,३,छैन,1051
3,0,३,छैन,1052
2,0,३,छैन,1053
1,0,३,छैन,1054
4,1,४,छैन,1055
3,0,३,छैन,1056
2,0,३,छैन,1056
2,0,३,छैन,1057
1,0,३,छैन,1057
2,0,३,छैन,1058
1,0,३,छैन,1058
2,0,३,छैन,1059
2,0,३,छैन,1060
2,0,३,छैन,1061
4,0,३,छैन,1062
2,0,३,छैन,1063
2,0,३,छैन,1064
2,0,३,छैन,1065
2,0,३,छैन,1066
4,0,३,छैन,1067
2,0,३,छैन,1068
1,0,३,छैन,1068
4,0,३,छैन,1069
1,0,३,छैन,1070
2,0,६,छैन,1071
2,0,३,छैन,1072
2,0,३,छैन,1073
2,0,३,छैन,1074
2,0,३,छैन,1075
2,0,३,छैन,1076
2,0,७,छैन,1077
2,0,७,छैन,1077
2,0,३,छैन,1078
2,0,३,छैन,1079
2,0,३,छैन,1080
2,0,३,छैन,1081
2,0,३,छैन,1082
1,0,३,छैन,1082
2,0,५,छैन,1083
2,0,५,छैन,1083
2,0,३,छैन,1084
2,0,३,छैन,1085
2,0,१,छैन,1086
2,0,१,छैन,1087
2,0,१,छैन,1088
2,0,१,छैन,1089
2,0,१,छैन,1090
2,0,१,छैन,1091
2,0,१,छैन,1092
2,0,१,छैन,1093
2,0,१,छैन,1094
2,0,१,छैन,1095
2,0,१,छैन,1096
2,0,१,छैन,1097
2,0,१,छैन,1098
2,0,१,छैन,1099
2,0,१,छैन,1100
2,0,१,छैन,1101
2,0,१,छैन,1102
2,0,१,छैन,1103
2,0,१,छैन,1104
2,0,१,छैन,1105
1,0,१,छैन,1106
2,0,१,छैन,1107
2,0,१,छैन,1108
2,0,१,छैन,1109
1,0,१,छैन,1110
2,0,१,छैन,1111
2,0,१,छैन,1112
2,0,१,छैन,1113
2,0,३,छैन,1114
2,0,३,छैन,1115
2,0,३,छैन,1116
2,0,३,छैन,1117
4,0,३,छैन,1118
2,0,३,छैन,1119
2,0,३,छैन,1120
2,0,३,छैन,1121
2,0,३,छैन,1122
4,0,३,छैन,1123
2,0,३,छैन,1124
2,0,४,छैन,1125
2,0,५,छैन,1127
1,0,५,छैन,1128
2,0,५,छैन,1129
1,0,५,छैन,1130
2,0,५,छैन,1131
2,0,५,छैन,1132
2,0,५,छैन,1133
2,0,५,छैन,1134
1,0,५,छैन,1134
2,0,५,छैन,1135
2,0,५,छैन,1136
2,0,५,छैन,1137
2,0,५,छैन,1138
2,0,५,छैन,1139
1,0,५,छैन,1139
2,0,५,छैन,1140
2,0,५,छैन,1141
2,0,५,छैन,1142
1,0,५,छैन,1143
2,0,५,छैन,1143
2,0,३,छैन,1144
1,0,३,छैन,1144
2,0,५,छैन,1145
1,0,५,छैन,1145
2,0,५,छैन,1146
2,0,५,छैन,1147
2,0,५,छैन,1148
1,0,६,छैन,1148
2,0,२,छैन,1149
2,0,५,छैन,1150
1,0,५,छैन,1150
2,0,५,छैन,1151
2,0,३,छैन,1152
2,0,३,छैन,1153
5,0,३,छैन,1153
2,0,३,छैन,1154
2,0,३,छैन,1155
4,0,३,छैन,1156
2,0,३,छैन,1157
8,0,३,छैन,1157
2,0,३,छैन,1158
2,0,३,छैन,1159
2,0,३,छैन,1160
3,0,३,छैन,1161
2,0,३,छैन,1162
2,0,३,छैन,1163
2,0,३,छैन,1164
2,0,३,छैन,1165
3,0,५,छैन,1166
2,0,५,छैन,1166
2,0,३,छैन,1167
4,0,३,छैन,1168
1,0,३,छैन,1168
2,0,३,छैन,1169
2,0,३,छैन,1170
4,0,४,छैन,1171
1,0,३,छैन,1172
2,0,३,छैन,1173
2,0,३,छैन,1174
1,0,३,छैन,1174
2,0,३,छैन,1175
2,0,३,छैन,1176
2,0,३,छैन,1177
2,0,५,छैन,1178
2,0,३,छैन,1179
1,0,५,छैन,1180
2,0,३,छैन,1181
2,0,५,छैन,1182
2,0,५,छैन,1183
2,0,५,छैन,1183
2,0,१,छैन,1184
2,0,३,छैन,1185
4,0,३,छैन,1186
2,0,५,छैन,1187
2,0,२,छैन,1188
4,0,३,छैन,1189
4,0,७,छैन,1190
2,0,७,छैन,1190
4,0,१,छैन,1191
2,0,६,छैन,1192
2,0,६,छैन,1193
2,0,६,छैन,1194
1,0,६,छैन,1195
1,0,६,छैन,1196
1,0,६,छैन,1197
2,0,६,छैन,1198
2,0,६,छैन,1199
2,0,६,छैन,1200
2,0,६,छैन,1201
2,0,६,थाहा छैन,1202
2,0,६,छैन,1203
1,0,६,छैन,1203
2,0,६,छैन,1204
1,0,६,छैन,1205
2,0,६,छैन,1206
1,0,६,छैन,1207
2,0,३,छैन,1208
4,0,३,छैन,1208
1,0,६,थाहा छैन,1209
1,0,६,छैन,1210
2,0,३,छैन,1211
2,0,६,छैन,1212
1,0,७,छैन,1213
1,0,७,छैन,1213
2,0,२,छ,1214
4,0,३,छैन,1215
3,0,७,छैन,1216
2,0,३,छैन,1217
2,0,३,छैन,1218
1,0,३,छैन,1218
3,0,३,छैन,1218
3,0,३,छैन,1219
4,0,३,छैन,1220
2,0,३,छैन,1221
2,0,३,छैन,1222
2,0,४,छैन,1223
3,0,४,छैन,1223
2,0,४,छैन,1224
2,0,३,छैन,1225
1,0,३,छैन,1226
1,0,३,छैन,1227
2,0,३,छैन,1228
2,0,३,छैन,1229
2,0,७,छैन,1230
2,0,३,छैन,1231
2,0,३,छैन,1232
2,0,३,छैन,1233
3,0,३,छैन,1233
4,0,३,छ,1234
3,0,३,छैन,1235
4,0,३,छ,1235
2,0,४,छैन,1236
1,0,७,छैन,1237
2,0,७,छैन,1238
4,0,७,छैन,1239
4,0,४,छैन,1240
2,0,४,छैन,1241
3,0,४,छैन,1242
2,0,४,छैन,1243
2,0,४,छैन,1243
2,0,४,छैन,1244
2,0,४,छैन,1244
2,0,३,छैन,1245
2,0,४,छैन,1246
2,0,४,छैन,1247
1,0,४,छैन,1247
2,0,४,छैन,1248
1,0,४,छैन,1248
2,0,४,छैन,1249
2,0,४,छैन,1250
2,0,४,छैन,1250
2,0,४,छैन,1251
2,0,४,छैन,1252
3,0,४,छैन,1253
2,0,४,छैन,1254
2,0,४,छैन,1254
2,0,४,छैन,1255
2,0,४,छैन,1255
3,0,४,छैन,1256
4,0,४,छैन,1257
2,0,३,छैन,1258
4,0,३,छैन,1258
4,0,४,छैन,1259
2,0,४,छैन,1259
2,0,४,छैन,1259
1,0,४,छैन,1259
2,0,४,छैन,1260
2,0,४,छैन,1261
2,0,४,छैन,1261
2,0,४,छैन,1262
2,0,४,छैन,1263
2,0,३,छैन,1264
2,0,३,छैन,1265
2,0,४,छैन,1266
2,0,४,छैन,1267
4,0,४,छैन,1268
2,0,४,छैन,1269
2,0,४,छैन,1269
2,0,४,छैन,1270
2,0,४,छैन,1271
3,0,४,छैन,1272
3,0,४,छैन,1273
2,0,४,छैन,1274
3,0,४,छैन,1274
2,0,४,छैन,1275
2,0,४,छैन,1276
2,0,४,छैन,1277
2,0,४,छैन,1277
2,0,४,छैन,1278
2,0,४,छैन,1279
2,0,४,छैन,1279
3,0,४,छैन,1280
2,0,४,छैन,1280
4,0,४,छैन,1281
4,0,४,छैन,1282
2,0,४,छैन,1283
2,0,४,छैन,1284
2,0,४,छैन,1284
2,0,४,छैन,1285
2,0,४,छैन,1285
2,0,४,छैन,1286
2,0,४,छैन,1286
2,0,४,छैन,1287
2,0,४,छैन,1288
2,0,४,छैन,1288
2,0,४,छैन,1289
2,0,४,छैन,1290
2,0,४,छैन,1291
2,0,४,छैन,1292
3,0,३,छैन,1293
2,0,४,छैन,1294
4,0,३,छैन,1295
3,0,३,छैन,1296
4,0,३,छैन,1296
2,0,३,छैन,1297
4,0,३,छैन,1297
2,0,३,थाहा छैन,1298
4,0,३,छैन,1299
4,1,३,छैन,1300
4,0,३,छैन,1300
2,0,३,छैन,1301
4,0,३,छैन,1301
2,0,३,छैन,1302
3,0,३,छैन,1303
2,8,३,छैन,1304
3,0,३,छैन,1305
2,0,३,छैन,1306
2,0,३,छैन,1306
2,0,३,छैन,1307
2,0,३,छैन,1308
2,0,३,छैन,1309
2,0,४,छैन,1310
2,0,२,छैन,1311
1,0,६,छैन,1312
4,0,४,छैन,1313
2,0,४,छ,1314
2,0,४,छ,1315
2,0,४,छ,1316
2,0,४,छ,1317
2,0,४,छ,1317
2,0,७,थाहा छैन,1318
3,0,४,छ,1319
2,0,४,छ,1320
2,0,४,छ,1320
2,0,४,छ,1321
2,0,४,छ,1322
2,0,४,छ,1323
2,0,४,छ,1324
2,0,४,छ,1324
1,0,७,छैन,1325
1,3,२,छ,1326
1,0,२,छ,1327
2,0,४,छैन,1328
1,0,२,छ,1329
2,0,२,छ,1330
2,0,२,छ,1331
2,0,५,छैन,1332
1,0,५,छैन,1332
4,0,७,छैन,1333
2,0,४,छैन,1334
3,0,७,छैन,1335
1,0,७,छैन,1336
2,0,७,छैन,1337
2,0,७,छैन,1338
2,0,७,छैन,1339
4,0,७,छैन,1340
4,0,७,छैन,1341
2,0,७,छैन,1342
2,0,७,छैन,1343
1,0,७,छैन,1343
3,0,७,छैन,1344
3,0,७,छैन,1345
1,0,७,छैन,1345
2,0,४,छैन,1346
4,0,७,छैन,1347
2,0,७,छैन,1348
1,0,७,छैन,1348
2,0,७,छैन,1349
4,0,७,छैन,1350
2,0,७,छैन,1351
4,0,४,छैन,1352
2,0,७,छैन,1353
2,0,७,छैन,1354
2,0,७,छैन,1355
2,0,७,थाहा छैन,1356
5,0,७,छैन,1357
3,0,४,छैन,1358
4,0,७,छैन,1359
1,0,७,छैन,1359
1,0,७,छैन,1359
1,0,७,छ,1359
1,0,७,थाहा छैन,1360
4,0,७,छैन,1361
2,0,७,छैन,1362
4,0,७,छैन,1362
3,0,७,छैन,1363
3,0,४,छैन,1364
2,0,६,छैन,1365
2,0,७,छैन,1366
2,0,७,छैन,1367
2,0,७,छैन,1368
1,0,७,छैन,1369
2,0,४,छैन,1370
1,0,७,छैन,1371
2,0,७,छैन,1372
1,0,६,छैन,1373
1,0,६,छैन,1374
1,0,७,छैन,1375
1,0,६,थाहा छैन,1376
1,0,६,छैन,1377
2,0,६,छैन,1377
2,0,६,छैन,1378
2,0,६,छैन,1379
2,0,६,छैन,1380
1,0,६,छैन,1381
2,0,६,छैन,1382
1,0,७,छैन,1383
1,0,७,छैन,1383
2,0,६,छैन,1384
2,0,७,छैन,1385
2,0,७,छैन,1386
2,0,६,छैन,1387
2,0,४,छैन,1388
2,0,६,छैन,1389
1,0,६,छैन,1390
1,0,६,छैन,1391
2,0,६,छैन,1392
2,0,६,छैन,1393
2,0,६,छैन,1394
2,0,६,छैन,1394
2,0,६,छैन,1395
1,0,६,छैन,1396
2,0,६,छैन,1397
3,0,६,छैन,1398
2,0,६,छैन,1399
2,0,६,छैन,1400
1,0,६,थाहा छैन,1401
4,1,४,छैन,1402
2,0,६,छैन,1403
2,0,६,छैन,1404
2,0,६,थाहा छैन,1405
1,0,६,छैन,1405
2,0,६,थाहा छैन,1406
1,0,६,थाहा छैन,1406
2,0,६,छैन,1407
2,0,६,छैन,1408
1,0,२,छैन,1409
2,0,५,छैन,1410
2,0,५,छैन,1411
2,0,४,छैन,1412
1,0,४,छैन,1412
1,0,२,छैन,1413
1,0,२,छैन,1414
2,0,६,छैन,1415
3,0,३,छैन,1416
2,0,४,छैन,1417
2,0,४,छैन,1417
1,0,६,छैन,1418
2,0,४,छैन,1419
2,0,१,छैन,1420
2,0,६,छैन,1421
1,0,६,छैन,1422
4,0,७,छैन,1423
1,0,७,छैन,1423
2,0,१,छैन,1424
2,0,७,छैन,1425
1,0,६,छैन,1426
2,0,७,छैन,1427
2,0,३,छैन,1428
2,0,६,छैन,1429
1,0,३,छैन,1430
4,0,३,छैन,1430
1,0,१,छैन,1431
2,0,६,छैन,1432
1,0,२,छैन,1433
1,0,२,छैन,1434
1,0,२,छैन,1435
2,0,२,छैन,1436
2,0,२,छैन,1437
2,0,२,छैन,1438
2,0,२,छैन,1439
1,0,२,छैन,1439
2,0,२,छैन,1440
2,0,२,छैन,1441
2,0,१,छैन,1442
1,0,२,छैन,1443
1,0,२,छैन,1444
1,0,२,छैन,1445
1,0,२,छैन,1446
1,0,२,छैन,1447
2,0,१,छैन,1448
2,0,५,छैन,1449
5,1,५,छैन,1450
2,0,६,छैन,1451
2,0,५,छैन,1452
3,0,५,छैन,1453
2,0,५,छैन,1454
2,0,५,छैन,1455
2,0,६,छैन,1456
2,0,६,छैन,1457
2,0,६,छैन,1459
2,0,६,छैन,1460
2,0,२,छ,1461
2,0,२,छ,1462
1,2,२,छ,1463
3,0,२,छ,1464
3,8,२,छ,1464
3,0,२,छ,1465
2,0,२,छ,1466
4,0,२,छ,1467
4,0,२,छ,1467
2,0,२,छ,1468
4,0,२,छ,1469
1,1000,२,छ,1469
2,0,२,छ,1470
2,0,१,छैन,1471
4,0,५,छैन,1472
2,0,६,छैन,1473
1,0,२,छैन,1474
1,0,२,छैन,1474
1,0,२,छैन,1475
1,0,२,छैन,1476
2,0,२,छैन,1477
4,4,२,छ,1478
2,0,२,छैन,1479
1,0,२,छैन,1479
1,0,२,छैन,1480
1,0,२,छैन,1480
2,0,२,छैन,1481
2,0,१,छैन,1482
1,0,१,छैन,1482
1,0,२,छैन,1483
2,8,२,छैन,1484
2,0,२,छैन,1485
2,0,२,छैन,1486
2,0,२,छ,1487
2,0,२,छैन,1488
3,0,२,छैन,1489
2,0,२,छैन,1489
2,0,२,छैन,1490
4,0,२,छैन,1491
2,0,२,छैन,1492
2,0,२,छैन,1493
2,0,२,छैन,1494
3,0,२,छैन,1495
4,0,२,छैन,1496
2,0,२,छैन,1497
2,0,१,छैन,1498
2,0,२,छैन,1499
2,0,१,छैन,1500
2,0,५,छैन,1501
2,0,१,छैन,1502
2,0,३,छैन,1503
2,0,१,छैन,1504
2,0,१,छैन,1505
2,0,१,छैन,1506
2,0,७,छैन,1507
1,0,७,छैन,1507
8,0,७,छैन,1508
2,0,१,छैन,1509
2,0,७,छैन,1510
2,0,१,छैन,1511
1,0,३,छैन,1512
2,0,३,छैन,1513
6,0,७,छैन,1514
2,0,१,छैन,1515
1,0,१,छैन,1516
2,0,१,छैन,1517
2,0,१,छैन,1518
2,0,७,छैन,1519
2,0,१,छैन,1520
4,0,३,छैन,1521
2,2,१,छैन,1522
2,0,१,छैन,1523
2,0,१,छैन,1524
1,0,१,छैन,1525
1,0,१,छैन,1526
4,0,१,छैन,1527
2,0,२,छैन,1528
2,0,१,छैन,1529
1,0,१,छ,1530
2,0,१,छैन,1531
2,0,१,छैन,1532
2,0,१,छैन,1533
2,0,१,छैन,1534
2,0,१,छैन,1535
2,0,१,छैन,1536
2,0,१,छैन,1537
2,0,१,छैन,1538
2,0,१,छैन,1539
2,0,३,छैन,1540
2,0,१,छैन,1541
2,0,१,छैन,1542
1,0,१,छैन,1543
2,0,१,छैन,1544
2,0,१,छैन,1545
2,0,१,छैन,1546
2,0,३,छैन,1547
1,0,३,छैन,1547
2,0,३,छैन,1548
2,0,३,छैन,1548
2,0,३,छैन,1549
2,0,१,छैन,1550
1,0,३,छैन,1551
1,0,३,छैन,1551
2,0,३,छैन,1551
2,0,३,छैन,1551
2,0,३,छैन,1552
2,0,२,छैन,1553
2,0,२,छैन,1554
2,0,२,छैन,1555
2,0,२,छैन,1556
3,0,२,छैन,1557
2,0,३,छैन,1558
1,0,३,छैन,1559
1,0,३,छैन,1560
2,0,३,छैन,1561
2,0,३,छैन,1562
2,0,३,छैन,1563
2,0,३,छैन,1564
2,0,३,छैन,1565
2,0,३,छैन,1566
2,0,३,छैन,1567
4,0,३,छैन,1568
2,0,३,छैन,1569
2,0,३,छैन,1570
2,0,३,छैन,1571
2,0,३,छैन,1572
2,0,३,छैन,1573
2,0,३,छैन,1574
2,0,३,छैन,1574
2,0,३,छैन,1575
3,0,३,छैन,1575
4,0,३,छैन,1576
2,0,३,छैन,1577
2,0,३,छैन,1577
2,0,३,छैन,1578
2,0,१,छैन,1579
1,0,३,छैन,1580
4,0,३,छैन,1581
2,0,३,छैन,1582
2,0,३,छैन,1583
2,0,३,छैन,1584
2,1,१,छैन,1585
2,0,३,छैन,1586
2,0,३,छैन,1587
2,0,३,छैन,1587
2,0,३,छैन,1588
3,0,३,छैन,1589
2,0,३,छैन,1589
3,0,३,छैन,1590
2,0,१,छैन,1591
2,0,३,छैन,1592
2,0,१,छैन,1593
3,0,३,छैन,1594
1,0,३,छैन,1595
2,0,१,छैन,1596
2,0,३,छैन,1597
2,0,३,छैन,1598
2,0,३,छैन,1599
1,0,३,छैन,1599
1,0,५,छैन,1600
2,0,३,छैन,1601
1,0,१,छैन,1602
1,0,६,छैन,1603
1,0,६,छैन,1604
1,0,६,छैन,1605
1,0,६,छैन,1606
1,0,६,छैन,1607
2,0,६,छैन,1608
2,0,६,छैन,1609
2,0,२,छ,1610
2,0,६,छैन,1611
2,0,६,छैन,1612
2,0,६,छैन,1613
2,0,१,छैन,1614
2,0,६,छैन,1615
2,0,६,छैन,1616
2,0,६,छैन,1617
1,0,६,छैन,1618
2,0,६,छैन,1619
2,0,१,छैन,1620
2,0,६,छैन,1621
1,0,६,छैन,1622
2,0,६,छैन,1623
1,0,६,छैन,1624
1,0,६,छैन,1625
1,0,१,छ,1626
2,0,६,छैन,1627
1,0,६,छैन,1628
1,0,६,छैन,1629
1,0,६,थाहा छैन,1630
2,0,६,छैन,1631
1,0,६,छैन,1632
2,0,६,छैन,1633
2,0,६,छैन,1634
1,0,६,छैन,1635
1,0,६,छैन,1636
2,0,६,छैन,1637
2,0,६,छैन,1638
2,0,६,छैन,1639
2,0,६,छैन,1640
1,0,६,छैन,1641
2,0,६,छैन,1642
2,0,६,छैन,1643
2,0,६,छैन,1644
2,0,६,छैन,1645
2,0,६,छैन,1646
2,0,२,छैन,1647
1,0,२,छैन,1648
1,0,२,छैन,1649
2,0,३,छैन,1650
1,0,२,छैन,1651
2,0,२,छैन,1652
1,0,६,छैन,1653
4,0,२,छैन,1654
4,0,२,छैन,1655
2,0,२,छैन,1656
1,0,२,छैन,1657
1,0,२,छैन,1658
1,0,२,छैन,1659
2,0,२,छैन,1660
2,0,६,छैन,1661
3,0,२,छैन,1662
2,0,२,छैन,1663
2,0,२,छैन,1664
1,0,२,छैन,1665
1,0,२,छैन,1666
3,0,२,छैन,1667
3,0,२,छैन,1668
4,0,२,छैन,1669
4,0,२,छ,1669
4,0,३,छैन,1670
2,0,३,छैन,1671
2,0,६,छैन,1672
2,0,३,छैन,1673
1,0,३,छैन,1673
1,0,६,छैन,1674
4,0,३,छैन,1675
3,0,४,छैन,1676
1,0,६,छैन,1677
2,0,६,छैन,1678
2,0,६,छैन,1679
1,0,६,छैन,1679
1,0,६,छैन,1680
1,0,५,छ,1681
1,0,५,छैन,1682
2,0,५,छैन,1683
1,0,५,छैन,1684
3,0,५,छैन,1685
2,0,५,छैन,1686
2,0,५,छैन,1687
2,0,५,छैन,1688
2,0,५,छैन,1690
2,0,५,छैन,1691
2,0,६,छैन,1692
2,0,५,छैन,1693
3,0,५,छैन,1694
2,0,५,छैन,1695
2,0,५,छैन,1696
1,0,५,छैन,1697
2,0,५,छैन,1698
2,0,५,छैन,1699
2,0,१,छैन,1700
2,0,५,छैन,1701
2,0,५,छैन,1701
2,0,५,छैन,1702
2,0,५,छैन,1703
2,0,५,छैन,1703
2,0,५,छैन,1704
2,0,५,छैन,1705
2,0,५,छैन,1706
2,0,५,छैन,1707
1,0,५,छैन,1708
2,0,५,छैन,1709
2,0,५,छैन,1710
2,0,५,छैन,1711
2,0,१,छैन,1712
2,0,१,छैन,1713
4,0,१,छैन,1714
1,0,१,छैन,1715
2,0,१,छैन,1716
2,0,१,छैन,1717
2,0,१,छैन,1718
2,0,१,छैन,1719
2,0,१,छैन,1720
2,0,१,छैन,1721
2,0,१,छैन,1722
2,0,१,छैन,1723
2,0,१,छैन,1724
2,0,१,छैन,1725
2,0,१,छैन,1726
2,0,१,छैन,1727
2,0,१,छैन,1728
2,0,१,छैन,1729
4,0,१,छैन,1730
2,0,१,छैन,1731
4,0,१,छैन,1732
2,0,१,छैन,1733
2,0,३,छैन,1734
2,0,३,छैन,1734
2,0,३,छैन,1735
1,0,३,छैन,1735
2,0,३,छैन,1736
1,0,३,छैन,1736
10,0,५,छैन,1737
2,0,३,छैन,1738
2,0,५,छैन,1739
6,0,५,छैन,1740
1,0,५,छैन,1740
3,0,५,छैन,1741
2,0,५,छैन,1742
2,0,५,छैन,1743
2,0,५,छैन,1743
1,0,५,छैन,1744
5,0,५,छैन,1745
2,0,३,छैन,1746
2,0,३,छैन,1747
2,0,३,छैन,1748
2,0,३,छैन,1749
2,0,३,छैन,1750
2,0,३,छैन,1751
2,0,३,छैन,1751
2,0,३,छैन,1752
2,0,३,छैन,1752
2,0,३,छैन,1753
2,0,३,छैन,1754
2,0,२,छ,1755
2,0,२,छैन,1756
2,0,२,छैन,1757
2,0,२,छैन,1758
1,0,२,छैन,1759
1,2,२,छैन,1760
1,0,२,छैन,1761
2,0,२,छैन,1762
2,0,३,छैन,1763
1,0,२,छैन,1764
1,0,२,छैन,1765
2,0,२,छैन,1766
2,0,२,छैन,1767
1,0,२,छैन,1768
2,0,२,छैन,1769
2,0,५,छैन,1770
2,0,५,छैन,1770
1,0,५,छैन,1771
4,0,५,छ,1772
2,0,५,छैन,1773
2,0,५,छैन,1773
2,0,५,छैन,1774
2,0,५,छैन,1776
2,0,५,छैन,1776
2,0,५,छैन,1777
1,0,५,छैन,1777
2,0,५,छैन,1778
1,0,५,छैन,1779
4,0,५,छैन,1779
1,0,५,छैन,1780
1,0,५,छैन,1781
2,0,५,छैन,1781
2,0,५,छैन,1782
2,0,५,छैन,1783
2,0,५,छैन,1784
2,0,५,छैन,1785
1,0,५,छैन,1786
2,0,५,छैन,1787
2,0,५,छैन,1788
2,0,३,छैन,1789
2,0,३,छैन,1790
2,0,३,छैन,1791
2,0,५,छैन,1792
3,0,३,छैन,1793
2,0,३,छैन,1794
2,0,३,छैन,1795
2,0,३,छैन,1796
2,0,३,छैन,1797
2,0,३,छैन,1798
2,0,३,छैन,1799
2,0,६,छैन,1800
1,0,३,छैन,1801
1,0,३,छैन,1802
2,0,३,छैन,1803
2,0,३,छैन,1804
2,0,३,छैन,1805
2,0,३,छैन,1806
2,0,३,छैन,1807
2,0,३,छैन,1808
2,0,३,छैन,1809
2,0,३,छैन,1810
2,0,३,छैन,1811
2,0,३,छैन,1812
4,0,३,छैन,1813
1,0,३,छैन,1813
1,0,३,छैन,1813
1,0,३,छैन,1813
2,0,३,छैन,1814
2,0,३,छैन,1815
2,0,३,छैन,1816
2,0,३,छैन,1817
2,0,३,छैन,1817
2,0,३,छैन,1818
2,0,३,छैन,1818
4,0,३,छैन,1819
2,0,३,छैन,1820
1,0,३,छैन,1820
2,0,३,छैन,1821
2,0,३,छैन,1822
2,0,३,छैन,1823
2,0,३,छैन,1824
2,0,३,छैन,1825
2,0,३,छैन,1826
4,0,३,छैन,1827
4,0,३,छैन,1828
1,0,३,छैन,1828
2,0,३,छैन,1829
3,0,३,छैन,1830
2,0,३,छैन,1831
2,0,३,छैन,1832
2,0,३,छैन,1833
1,0,३,छैन,1834
2,0,३,छैन,1835
2,0,३,छैन,1836
2,0,३,छैन,1837
2,0,३,छैन,1838
4,0,३,छैन,1839
2,0,३,छैन,1840
2,0,३,छैन,1841
2,0,५,छैन,1842
2,0,५,छैन,1842
3,0,३,छैन,1843
2,0,३,छैन,1844
1,0,३,छैन,1844
1,0,३,छैन,1845
2,0,३,छैन,1846
1,0,३,छैन,1846
2,0,३,छैन,1847
2,0,३,छैन,1848
2,0,३,छैन,1849
2,0,३,छैन,1850
2,0,३,छैन,1851
2,0,३,छैन,1852
2,0,३,छैन,1853
2,0,३,छैन,1854
2,0,३,छैन,1855
4,0,३,छैन,1856
4,0,३,छैन,1857
4,0,३,छैन,1858
2,0,६,छैन,1859
2,0,६,छैन,1860
2,0,६,छैन,1861
2,0,३,छैन,1862
2,0,३,छैन,1862
2,0,६,छैन,1863
1,0,६,छैन,1864
2,0,६,छैन,1865
2,0,६,छैन,1866
2,0,६,छैन,1867
1,0,६,छैन,1868
2,0,६,छैन,1869
2,0,६,छैन,1870
2,0,६,छैन,1871
2,0,६,छैन,1872
2,0,६,छैन,1873
2,0,६,छैन,1874
2,0,२,छैन,1875
2,0,२,छैन,1876
1,0,२,छैन,1877
1,0,२,छैन,1878
4,0,३,छैन,1879
2,0,२,छैन,1880
1,0,२,छैन,1881
3,0,१,छैन,1881
1,0,२,छैन,1882
1,0,२,छैन,1883
4,0,२,छ,1884
1,0,२,छैन,1884
1,0,२,छैन,1885
1,0,२,छैन,1886
1,0,२,छैन,1887
1,0,२,छैन,1888
8,0,४,छैन,1889
8,0,४,छैन,1889
2,0,३,छैन,1890
2,0,३,छैन,1891
4,0,३,छैन,1892
2,0,३,छैन,1893
2,0,३,छैन,1894
2,0,३,छैन,1895
2,0,३,छैन,1896
2,0,३,छैन,1897
2,0,३,छैन,1897
2,0,६,छैन,1898
2,0,६,छैन,1899
2,0,६,थाहा छैन,1900
1,0,६,छैन,1901
2,0,६,छैन,1902
2,0,६,छैन,1903
2,0,६,छैन,1904
2,0,६,छैन,1905
1,0,६,छैन,1906
2,0,६,छैन,1907
2,0,३,छैन,1908
4,0,३,छैन,1909
1,0,३,छैन,1909
2,0,७,छैन,1910
2,0,३,छैन,1911
4,0,३,छैन,1912
2,0,३,छैन,1913
2,0,३,छैन,1914
2,0,३,छैन,1915
2,0,३,छैन,1916
2,0,३,छैन,1917
4,0,३,छैन,1918
2,0,३,छैन,1919
2,0,३,छैन,1920
2,0,३,छैन,1921
3,0,३,छैन,1922
2,0,३,छैन,1923
1,0,३,छैन,1923
2,0,३,छैन,1924
2,0,३,छैन,1925
4,0,३,छैन,1926
1,0,३,छैन,1926
2,0,३,छैन,1927
2,0,३,छैन,1928
1,0,३,छैन,1928
4,0,३,छैन,1929
2,0,३,छैन,1929
2,0,३,छैन,1929
4,0,३,छैन,1930
2,0,३,छैन,1931
2,0,३,छैन,1932
4,0,३,छैन,1933
2,0,४,छैन,1934
1,0,६,छैन,1935
2,0,६,छैन,1936
2,0,६,छैन,1937
1,0,६,छैन,1938
1,0,६,छैन,1939
1,0,६,छैन,1940
1,0,६,छैन,1941
2,0,६,छैन,1942
2,0,६,छैन,1943
1,0,६,छैन,1944
1,0,६,छैन,1945
1,0,६,छैन,1946
1,0,६,छैन,1947
1,0,६,छैन,1948
1,0,६,छैन,1949
2,0,६,छैन,1950
2,0,३,छैन,1951
1,0,७,छैन,1952
2,0,३,छैन,1953
2,0,३,छैन,1954
2,0,३,छैन,1955
1,0,३,छैन,1955
2,0,३,छ,1956
1,0,३,छैन,1957
2,0,३,छैन,1958
4,0,३,छैन,1959
1,0,३,छैन,1959
2,0,३,छैन,1960
3,0,३,छैन,1961
1,0,३,छैन,1961
2,0,३,छैन,1962
2,0,३,छैन,1963
2,0,३,छैन,1964
1,0,३,छैन,1965
1,0,३,छैन,1966
2,0,३,छैन,1967
2,0,३,छैन,1968
2,0,३,छैन,1969
2,0,३,छैन,1970
2,0,३,छैन,1971
2,0,४,छैन,1972
3,0,४,छैन,1973
3,0,३,छैन,1974
2,0,३,छैन,1975
2,0,६,छैन,1976
2,0,२,छैन,1977
2,0,७,छैन,1978
2,0,३,छैन,1979
1,0,७,छैन,1980
1,0,२,छैन,1981
2,0,२,छैन,1982
2,0,२,छैन,1983
1,0,२,छैन,1983
4,0,२,छैन,1984
1,0,२,छैन,1984
2,0,४,छैन,1985
2,0,४,छैन,1985
2,0,४,छैन,1985
2,0,२,छैन,1986
1,0,७,छैन,1987
3,0,३,छैन,1988
4,0,२,छैन,1989
1,0,२,छैन,1989
1,0,२,छैन,1990
1,0,२,छैन,1990
1,0,२,छैन,1991
2,0,२,छैन,1991
2,0,२,छैन,1992
1,0,२,छैन,1992
2,0,२,छैन,1993
1,0,२,छैन,1993
2,0,७,छैन,1994
2,0,७,छैन,1994
2,0,७,छैन,1994
2,0,७,छैन,1994
2,0,३,छैन,1995
2,0,२,छैन,1996
1,0,२,छैन,1996
1,0,२,छैन,1997
2,0,२,छैन,1997
2,0,२,छैन,1998
2,0,२,छैन,1999
2,0,२,छैन,2000
2,0,२,छैन,2001
1,0,२,छैन,2001
2,0,२,छैन,2002
1,0,२,छैन,2002
2,0,२,छ,2003
1,0,२,छैन,2003
1,0,२,छैन,2004
1,0,२,छैन,2005
2,0,२,छैन,2006
2,0,२,छैन,2007
2,0,२,छैन,2008
2,0,२,छैन,2009
1,8,२,छैन,2009
1,0,२,छैन,2010
2,0,३,छैन,2011
2,0,३,छैन,2012
1,0,१,छैन,2013
2,0,७,छैन,2014
2,0,३,छैन,2015
3,0,७,छैन,2016
4,0,३,छैन,2017
1,0,५,छैन,2018
2,0,७,छैन,2019
1,0,२,छैन,2020
1,0,२,छैन,2020
2,0,२,छैन,2021
2,0,२,छैन,2022
2,0,२,छैन,2023
1,0,२,छैन,2024
2,0,३,छैन,2025
2,0,७,छैन,2027
2,0,३,छैन,2028
1,0,७,छैन,2029
2,0,३,छैन,2030
1,0,७,छैन,2031
4,0,७,छैन,2031
2,0,४,छैन,2032
2,0,७,छैन,2033
1,0,७,छैन,2034
2,0,७,छैन,2034
2,0,३,छैन,2035
2,0,३,छैन,2036
2,0,३,छैन,2036
2,0,५,छैन,2037
3,0,७,छैन,2038
4,0,४,छैन,2039
2,0,३,छैन,2040
4,0,७,छैन,2041
2,0,५,छैन,2042
1,0,२,छैन,2043
1,0,२,छैन,2044
1,0,२,छैन,2045
1,1,२,छैन,2046
1,2,२,छैन,2046
2,0,२,छैन,2047
1,0,२,छैन,2048
3,0,२,छैन,2049
2,0,२,छैन,2050
2,0,२,छैन,2051
1,0,२,छैन,2051
2,0,२,छ,2052
2,0,२,छैन,2053
2,0,२,छैन,2053
1,0,२,छैन,2054
2,0,२,छैन,2054
1,0,२,छैन,2055
1,2,२,छैन,2055
3,0,२,छैन,2056
1,0,२,छैन,2056
2,0,७,छैन,2057
2,0,१,छैन,2058
2,1,१,छैन,2059
2,0,१,छैन,2060
2,0,१,छैन,2061
2,0,१,छैन,2062
2,0,१,छैन,2063
2,0,१,छैन,2064
2,0,१,छैन,2065
2,0,१,छैन,2066
2,1,१,छैन,2067
2,0,१,छैन,2068
2,0,१,छैन,2069
2,0,१,छैन,2070
4,0,१,छैन,2071
1,0,२,छैन,2072
2,0,२,छैन,2073
2,0,३,छैन,2074
2,0,३,छैन,2074
2,0,७,छैन,2075
1,0,७,छैन,2075
2,0,६,छैन,2076
4,0,५,छ,2077
2,0,५,छैन,2078
1,0,५,छैन,2079
2,0,७,छैन,2080
2,0,३,छैन,2081
4,0,३,छैन,2081
3,0,२,छैन,2082
2,0,३,छैन,2083
2,0,२,छैन,2084
1,0,५,छैन,2085
2,0,५,छैन,2085
2,0,७,छैन,2086
1,0,३,छैन,2087
3,0,२,छैन,2088
2,0,४,छैन,2089
2,0,२,छैन,2090
2,0,२,छैन,2091
2,0,२,छैन,2092
2,0,२,छैन,2093
1,0,२,छैन,2094
4,0,२,छैन,2095
2,0,२,छैन,2096
8,0,१,छैन,2097
1,0,२,छैन,2097
3,0,२,छैन,2098
1,0,२,छैन,2099
4,0,३,छैन,2100
2,0,३,छैन,2101
2,0,३,छैन,2101
2,0,५,छैन,2102
2,0,५,छैन,2102
1,0,१,छैन,2103
1,0,१,छैन,2103
1,0,१,छैन,2104
2,0,१,छैन,2105
2,0,१,छैन,2106
1,0,६,छैन,2107
9,0,६,छ,2107
2,0,१,छैन,2108
1,0,६,छैन,2109
2,0,१,छ,2110
1,0,६,छैन,2111
2,0,१,छैन,2112
1,0,६,छैन,2113
2,0,६,छैन,2113
2,0,१,छैन,2114
2,0,६,छैन,2115
1,0,६,छैन,2116
1,0,१,छैन,2117
2,0,१,छैन,2118
4,0,७,छैन,2119
4,0,७,छैन,2119
1,0,६,छैन,2120
1,0,१,छैन,2121
2,0,१,छैन,2122
2,0,६,छैन,2123
6,2,६,छ,2123
2,0,१,छैन,2124
2,0,१,छैन,2125
1,0,६,छैन,2126
2,0,६,छैन,2127
2,0,६,छैन,2128
2,0,६,छैन,2129
2,0,६,छैन,2130
2,0,६,छैन,2131
2,0,६,छैन,2132
2,0,६,छैन,2133
2,0,१,छैन,2134
2,0,४,छैन,2135
3,0,४,छैन,2135
2,0,१,छैन,2136
2,0,१,छैन,2137
2,0,१,छैन,2138
2,0,१,छैन,2139
2,0,१,छैन,2140
2,2,४,छैन,2141
2,2,४,छैन,2141
2,0,१,छैन,2142
10,0,७,छ,2143
3,0,७,छैन,2143
1,0,६,छैन,2144
1,0,६,छैन,2145
1,0,६,छैन,2146
1,0,६,छैन,2147
1,0,६,छैन,2148
2,0,६,छैन,2149
1,0,६,छैन,2150
1,0,६,छैन,2151
1,0,६,छैन,2152
1,0,६,छैन,2153
2,0,६,छैन,2154
2,0,६,छैन,2155
2,0,६,छैन,2156
2,0,६,छैन,2157
2,0,६,छैन,2158
2,0,४,छैन,2159
2,0,४,छैन,2159
1,0,६,छैन,2160
1,0,६,छैन,2160
2,0,६,छैन,2161
2,0,५,छैन,2162
1,0,६,छैन,2163
2,0,६,छैन,2164
2,0,४,छैन,2165
3,0,४,छैन,2165
2,0,६,छैन,2166
1,0,६,छैन,2167
1,0,६,छैन,2168
1,0,६,छैन,2169
1,0,६,छैन,2170
2,0,४,छैन,2171
2,0,४,छैन,2171
2,0,६,छैन,2172
1,0,६,छैन,2173
1,0,६,छैन,2174
2,0,६,छैन,2175
2,0,६,छैन,2176
2,0,६,छैन,2177
1,0,६,छैन,2178
1,0,६,छैन,2179
2,0,६,छैन,2180
2,0,६,छैन,2181
2,0,६,छैन,2182
2,0,४,छैन,2183
2,0,४,छैन,2183
2,0,६,छैन,2184
1,0,६,छैन,2185
1,0,६,छैन,2186
2,0,६,छैन,2187
2,0,६,छैन,2188
2,0,६,छैन,2189
2,0,६,छैन,2190
2,0,६,छैन,2191
2,0,६,छैन,2192
1,0,६,छैन,2193
2,0,६,छैन,2194
2,0,६,छैन,2195
1,0,६,छैन,2196
1,0,६,छैन,2197
1,0,६,छैन,2198
2,0,६,छैन,2199
1,0,६,छैन,2200
2,0,४,छैन,2201
1,0,४,छैन,2201
2,0,६,छैन,2202
1,0,६,छैन,2203
2,0,६,छैन,2204
1,0,६,छैन,2204
2,0,४,छैन,2205
2,0,४,छैन,2205
4,0,२,छ,2206
1,0,१,छैन,2207
3,0,४,छैन,2208
2,0,२,छ,2209
4,0,२,छ,2209
2,0,४,छैन,2210
2,0,४,छैन,2210
2,0,२,छैन,2211
2,0,२,छैन,2211
2,0,५,छैन,2212
4,0,७,छैन,2213
2,0,७,छैन,2213
2,0,७,छैन,2214
2,0,७,छैन,2215
1,0,२,छैन,2216
2,0,२,छैन,2216
2,0,७,छैन,2217
1,2,७,छैन,2218
1,0,७,छैन,2219
2,0,४,छैन,2220
2,0,४,छैन,2220
2,0,७,छैन,2221
3,0,७,छैन,2222
6,0,७,छैन,2223
2,0,७,छैन,2224
1,0,७,छैन,2225
2,0,४,छैन,2226
1,0,७,छैन,2227
2,0,७,छैन,2228
2,0,७,छैन,2229
1,0,७,छैन,2230
1,0,७,छैन,2231
2,0,४,छैन,2232
2,0,४,छैन,2232
2,0,७,छैन,2233
2,0,७,छैन,2233
2,0,७,छैन,2234
2,0,७,छैन,2235
2,0,७,छैन,2236
4,0,७,छैन,2237
2,0,७,छैन,2238
1,0,७,छैन,2239
1,0,७,छैन,2239
4,0,७,छैन,2239
3,0,७,छैन,2240
2,0,७,छैन,2241
2,0,७,छैन,2242
2,0,७,छैन,2243
1,0,७,छैन,2244
2,0,१,छैन,2245
2,0,७,छैन,2246
1,0,५,छैन,2247
2,0,७,छैन,2248
2,0,७,छैन,2249
2,0,४,छैन,2251
2,0,४,छैन,2252
2,0,४,छैन,2252
1,0,२,छैन,2253
2,0,७,छैन,2254
2,0,७,छैन,2255
4,0,७,छैन,2256
2,0,७,छैन,2256
2,0,७,छैन,2257
1,0,७,छैन,2258
4,0,१,छैन,2259
2,0,१,छैन,2260
2,0,१,छैन,2261
2,0,१,छैन,2262
2,0,१,छैन,2263
2,0,१,छैन,2264
2,0,१,छैन,2265
2,0,१,छैन,2266
2,0,१,छैन,2267
2,0,१,छैन,2268
2,0,१,छैन,2269
2,0,१,छैन,2270
2,0,१,छैन,2271
2,0,१,छैन,2272
2,0,१,छैन,2273
2,0,१,छैन,2274
1,0,१,छैन,2275
1,0,१,छैन,2275
2,0,१,छैन,2276
2,0,१,छैन,2277
2,0,१,छैन,2278
2,0,१,छैन,2279
2,0,१,छैन,2280
2,0,१,छैन,2281
1,0,१,छैन,2282
2,0,१,छैन,2283
2,0,६,छैन,2284
1,0,६,छैन,2285
2,0,६,छैन,2286
2,0,६,छैन,2287
1,0,४,छैन,2288
2,0,४,छैन,2288
2,0,४,छैन,2289
4,0,४,छैन,2290
2,0,४,छैन,2291
4,0,४,छैन,2292
4,0,१,छैन,2293
2,0,४,छैन,2294
2,0,७,छैन,2295
1,0,७,छैन,2296
1,0,७,छैन,2297
2,0,७,छैन,2298
2,0,७,छैन,2299
4,0,७,छैन,2300
2,0,७,छैन,2301
1,0,७,छैन,2302
1,0,७,छैन,2303
1,0,७,छैन,2304
2,0,१,छैन,2305
1,0,७,छैन,2306
1,0,७,छैन,2307
2,0,७,छैन,2308
1,0,७,छैन,2309
2,0,७,छैन,2310
4,0,७,छैन,2310
1,0,७,छैन,2310
2,0,७,छैन,2311
1,0,७,छैन,2312
1,5,१,छैन,2313
1,0,७,छैन,2314
1,0,७,छैन,2314
2,0,७,छैन,2315
1,0,७,छैन,2315
2,0,७,छैन,2316
3,0,७,छैन,2316
2,0,४,छैन,2317
4,0,४,छैन,2318
2,0,४,छैन,2319
2,0,१,छैन,2320
2,0,४,छैन,2321
3,0,४,छैन,2322
2,0,४,छैन,2323
4,0,४,छैन,2324
2,0,४,छैन,2325
2,0,४,छैन,2325
2,0,४,छैन,2326
2,0,४,छैन,2327
5,0,४,छैन,2328
2,0,४,छैन,2329
2,0,४,छैन,2330
1,0,५,छैन,2331
1,0,२,छैन,2332
4,0,४,छैन,2333
5,1,४,छैन,2334
2,0,४,छैन,2335
4,1,४,छैन,2336
2,0,३,छैन,2337
6,1,४,छैन,2338
1,0,४,छैन,2338
1,0,४,छैन,2338
2,0,१,छैन,2339
8,0,४,छैन,2340
2,0,४,छैन,2340
3,0,४,छैन,2341
3,1,५,छैन,2342
5,0,४,छैन,2343
1,0,४,छैन,2343
1,0,४,छैन,2343
4,0,४,छैन,2344
5,1,४,छैन,2345
1,0,४,छैन,2345
2,0,४,छैन,2346
3,0,४,छैन,2347
2,0,६,छैन,2348
2,0,४,छैन,2349
2,0,४,छैन,2349
2,0,४,छैन,2349
2,0,४,छैन,2349
2,0,६,थाहा छैन,2350
2,0,४,छैन,2351
2,0,६,छैन,2352
2,0,४,छैन,2353
2,0,६,छैन,2354
2,0,१,छैन,2355
2,0,४,छैन,2356
2,0,६,छैन,2357
2,0,४,छैन,2358
2,0,४,छैन,2358
2,0,६,छैन,2359
2,1,१,छैन,2359
2,0,४,छैन,2360
2,0,६,छैन,2361
2,1,१,छैन,2361
2,0,७,छैन,2362
2,0,५,छैन,2363
1,0,६,छैन,2364
2,0,१,छैन,2365
2,0,६,छैन,2366
2,0,२,छैन,2367
2,0,३,छैन,2368
3,0,१,छैन,2369
3,0,१,छैन,2370
2,0,५,छैन,2371
3,0,१,छैन,2372
2,0,४,छैन,2373
3,0,१,छैन,2374
3,0,१,छैन,2375
3,0,१,छैन,2376
3,0,१,छैन,2377
3,0,१,छैन,2378
3,0,१,छैन,2379
3,0,१,छैन,2380
1,0,१,छैन,2381
3,0,१,छैन,2382
3,0,१,छैन,2383
3,0,१,छैन,2384
4,0,२,छ,2385
2,0,१,छैन,2386
2,0,१,छैन,2387
2,0,१,छैन,2388
2,0,१,छैन,2389
2,0,१,छैन,2390
2,0,६,थाहा छैन,2391
2,0,१,छैन,2392
2,0,१,छैन,2393
2,0,१,छैन,2394
3,0,१,छैन,2395
2,0,१,छैन,2396
3,0,२,छैन,2397
2,0,५,छैन,2398
1,0,१,छैन,2399
3,0,५,छैन,2400
1,0,५,छैन,2401
4,0,५,छैन,2402
1,0,५,छैन,2403
2,0,५,छैन,2404
2,0,५,छैन,2405
4,0,१,छैन,2406
4,0,१,छैन,2408
1,2,१,छैन,2409
10,0,१,छैन,2410
2,0,१,छैन,2411
1,2,१,छैन,2412
2,0,१,छैन,2413
1,2,१,छैन,2414
1,4,१,छैन,2415
4,0,१,छैन,2416
1,2,१,छैन,2417
2,0,१,छैन,2418
2,1,१,छैन,2419
3,8,१,छैन,2420
1,0,१,छ,2421
2,0,१,छैन,2421
4,0,१,छैन,2422
2,0,१,छैन,2423
2,0,१,छैन,2424
2,0,१,छैन,2425
4,0,४,छैन,2426
4,0,४,छैन,2427
3,0,४,छैन,2428
2,0,४,छैन,2429
2,0,५,छैन,2430
2,0,५,छैन,2431
5,0,५,छैन,2432
1,0,५,छैन,2433
2,0,५,छैन,2434
2,0,५,छैन,2435
1,0,५,छैन,2436
2,0,५,छैन,2436
2,0,५,छैन,2437
2,0,५,छैन,2438
1,0,५,छैन,2439
2,0,५,छैन,2440
1,0,५,छैन,2441
1,2,५,छैन,2442
1,0,५,छैन,2442
2,0,५,छैन,2443
2,0,५,छैन,2444
2,0,५,छैन,2445
2,0,५,छैन,2446
2,0,५,छैन,2447
2,0,५,छैन,2448
2,0,५,छैन,2449
2,0,५,छैन,2450
1,0,५,छैन,2451
2,0,५,छैन,2452
3,0,४,छैन,2453
2,0,४,छैन,2453
2,0,५,छैन,2454
2,0,५,छैन,2454
1,0,५,छैन,2455
1,0,५,छैन,2456
2,0,५,छैन,2457
2,0,४,छैन,2458
2,0,५,छैन,2459
1,0,५,छैन,2460
2,0,५,छैन,2460
2,0,५,छैन,2461
3,0,७,छैन,2462
3,0,७,छैन,2462
3,0,७,छैन,2462
2,0,४,छैन,2463
2,0,३,छैन,2464
1,0,५,छैन,2465
2,0,४,छैन,2466
2,0,५,छैन,2467
1,0,५,छैन,2468
2,0,५,छैन,2469
1,0,५,छैन,2470
2,0,५,छैन,2471
2,0,४,छैन,2472
2,0,५,छैन,2473
2,0,१,छैन,2474
2,0,५,छैन,2475
2,0,१,छैन,2476
2,0,५,छैन,2477
3,0,४,छैन,2478
1,1,५,छैन,2479
1,0,५,छैन,2480
1,0,५,छैन,2481
1,0,५,छैन,2482
1,1,५,छैन,2483
2,0,५,छैन,2483
2,0,४,छैन,2484
2,0,४,छ,2485
2,0,४,छ,2485
2,0,४,छ,2486
2,0,४,छ,2487
1,0,४,छ,2487
2,0,४,छ,2488
2,0,४,छ,2489
2,0,४,छ,2490
2,0,४,छ,2491
2,0,४,छ,2492
2,0,५,छैन,2493
2,0,५,छैन,2494
4,0,४,छैन,2495
1,0,४,छैन,2495
2,0,१,छैन,2496
1,0,७,छैन,2497
2,0,४,छैन,2498
2,0,१,छैन,2499
2,0,१,छैन,2500
2,0,१,छैन,2501
2,0,१,छैन,2502
2,1,१,छैन,2503
2,0,१,छैन,2504
1,0,१,छैन,2505
2,1,१,छैन,2506
2,0,१,छैन,2507
2,1,१,छैन,2508
2,0,५,छैन,2509
1,0,२,छैन,2510
5,2,४,छैन,2511
2,0,४,छैन,2511
4,0,७,छैन,2512
2,0,१,छैन,2513
2,0,३,छैन,2514
2,0,५,छैन,2515
2,0,३,छैन,2516
2,0,५,छैन,2517
3,0,५,छैन,2518
1,0,१,छैन,2519
2,0,३,छैन,2520
2,0,७,छैन,2521
4,0,४,छैन,2522
2,0,१,छैन,2524
14,10,५,छ,2525
4,0,७,छैन,2526
2,0,७,छैन,2527
1,0,७,छैन,2528
2,0,७,छैन,2529
1,0,७,छैन,2529
3,0,७,छैन,2529
2,0,७,छैन,2530
2,0,७,छैन,2530
2,0,७,छैन,2531
2,0,७,छैन,2532
2,0,७,छैन,2533
1,0,७,छैन,2533
1,0,७,छैन,2534
2,0,७,छैन,2535
1,0,७,छैन,2536
3,0,७,छैन,2536
2,0,७,छैन,2537
2,0,७,छैन,2538
1,0,७,छैन,2539
2,0,७,छैन,2540
1,0,७,छैन,2540
2,0,७,छैन,2541
1,0,७,छैन,2541
3,0,७,छैन,2542
2,0,७,छैन,2543
2,0,७,छैन,2544
2,0,७,छैन,2545
1,0,७,छैन,2545
3,0,७,छैन,2546
3,0,७,छैन,2546
4,0,७,छैन,2547
2,0,१,छैन,2548
10,0,६,छ,2549
2,0,५,छैन,2549
2,0,७,छैन,2550
2,0,३,छैन,2551
1,0,३,छैन,2551
2,0,७,थाहा छैन,2552
1,0,७,छैन,2552
2,0,७,छैन,2553
2,0,५,छैन,2554
2,0,५,छैन,2555
2,0,५,छैन,2555
2,0,५,छैन,2556
2,0,५,छैन,2557
2,0,५,छैन,2558
2,0,५,छैन,2559
2,0,५,छैन,2560
2,0,५,छैन,2561
2,0,५,छैन,2562
2,0,७,छैन,2563
2,0,५,छैन,2564
1,0,५,छैन,2564
2,0,५,छैन,2564
2,0,५,छैन,2565
2,0,५,छैन,2566
1,0,५,छैन,2567
2,0,५,छैन,2568
3,0,७,थाहा छैन,2569
2,0,५,छैन,2570
2,0,५,छैन,2571
2,0,५,छैन,2572
2,0,५,छैन,2573
1,0,५,छैन,2574
4,0,७,छैन,2575
1,0,५,छैन,2576
2,0,५,छैन,2577
2,0,५,छैन,2578
2,0,५,छैन,2579
2,0,५,छैन,2580
1,0,६,छैन,2581
1,0,६,थाहा छैन,2582
2,0,६,छैन,2583
2,0,६,छैन,2584
2,1,६,छैन,2585
2,0,६,छैन,2585
2,0,६,छैन,2585
2,0,६,छैन,2585
1,0,६,थाहा छैन,2586
2,0,६,छैन,2587
1,0,६,छैन,2588
1,0,६,छैन,2589
1,0,६,छैन,2590
2,0,७,छैन,2591
3,0,३,छ,2592
1,0,३,छैन,2593
9,0,७,थाहा छैन,2594
10,0,४,छैन,2595
2,0,४,छैन,2595
2,0,७,छैन,2596
7,0,७,छैन,2597
2,0,४,छैन,2598
4,0,७,छैन,2599
1,0,५,छैन,2600
2,0,५,छैन,2600
2,0,७,थाहा छैन,2601
3,0,२,छैन,2602
1,0,२,छैन,2602
2,0,७,थाहा छैन,2603
2,0,७,थाहा छैन,2603
2,0,२,छैन,2604
2,0,५,छैन,2605
2,0,७,थाहा छैन,2606
4,0,७,छैन,2608
2,0,३,छैन,2609
2,0,७,छैन,2610
4,0,७,छैन,2611
1,0,७,छैन,2611
4,0,७,छैन,2612
3,0,७,छैन,2612
4,1,७,छैन,2613
3,0,७,छैन,2614
4,0,७,छैन,2615
2,0,७,थाहा छैन,2616
4,0,७,छैन,2617
1,0,७,थाहा छैन,2618
3,0,७,छैन,2619
2,0,७,छैन,2620
1,0,५,छैन,2621
1,0,७,छैन,2622
4,0,७,छैन,2623
2,0,७,छैन,2624
3,0,७,छैन,2625
1,0,७,थाहा छैन,2626
1,0,७,छैन,2627
1,0,७,छैन,2628
4,0,७,छैन,2629
1,0,७,थाहा छैन,2630
2,0,७,छैन,2631
1,0,२,छैन,2632
2,0,२,छैन,2632
4,0,७,छैन,2633
9,0,७,छैन,2634
2,0,७,छैन,2634
1,1,२,छैन,2635
4,0,७,थाहा छैन,2636
2,0,७,छैन,2637
2,0,७,छैन,2638
2,0,७,छैन,2639
4,0,७,छैन,2640
2,0,७,थाहा छैन,2641
3,0,७,छैन,2642
9,0,७,छैन,2643
1,0,२,छैन,2644
2,0,६,छैन,2645
2,0,५,छैन,2646
2,0,२,छैन,2647
2,0,४,छैन,2648
2,0,४,छैन,2649
2,0,४,छैन,2649
2,0,४,छैन,2650
4,0,४,छैन,2651
2,0,४,छैन,2652
2,0,४,छैन,2653
2,0,४,छैन,2654
2,0,४,छैन,2655
3,0,४,छैन,2656
2,0,४,छैन,2657
4,0,४,छैन,2658
3,0,४,छैन,2659
4,0,४,छैन,2660
3,0,४,छैन,2661
2,0,४,छैन,2662
2,0,४,छैन,2663
2,0,४,छैन,2664
3,0,४,छैन,2665
2,0,४,छैन,2666
3,0,४,छैन,2667
4,0,४,छैन,2668
2,0,४,छैन,2669
3,0,४,छैन,2670
2,0,४,छैन,2671
2,0,४,छैन,2672
2,0,४,छैन,2673
2,0,४,छैन,2674
2,0,४,छैन,2674
3,0,२,छैन,2675
2,0,४,छैन,2676
2,0,३,छैन,2677
3,0,३,छैन,2678
2,0,५,छैन,2679
2,0,६,छैन,2680
4,0,३,छैन,2681
2,0,३,छैन,2681
3,0,७,छैन,2682
4,0,३,छ,2683
1,0,३,छैन,2683
4,0,१,छैन,2684
1,0,२,छैन,2685
2,0,२,छैन,2686
2,0,२,छैन,2686
4,0,३,छैन,2687
2,0,३,छैन,2688
2,0,५,छैन,2689
2,0,२,छैन,2690
2,0,४,छैन,2691
3,0,४,छैन,2692
4,0,२,छैन,2693
2,0,५,छैन,2694
2,0,५,छैन,2695
8,1,५,छैन,2696
4,0,७,थाहा छैन,2697
1,0,५,छैन,2698
4,0,५,छैन,2699
4,0,५,छैन,2700
4,0,५,छैन,2701
2,0,५,छैन,2702
2,0,५,छैन,2703
2,0,४,छैन,2704
2,0,३,छैन,2705
2,0,५,छैन,2706
4,0,३,छैन,2707
2,0,३,छैन,2707
2,0,३,छैन,2707
2,0,३,छैन,2708
2,0,३,छैन,2709
1,0,३,छैन,2709
2,0,७,छैन,2710
1,0,७,थाहा छैन,2710
2,0,१,छैन,2711
3,0,३,छैन,2712
2,0,३,छैन,2712
1,0,७,छैन,2713
4,0,३,छैन,2714
2,0,३,छैन,2715
2,0,३,छैन,2716
2,0,३,छ,2717
2,0,३,छैन,2718
4,0,३,छैन,2719
1,0,२,छैन,2720
1,0,६,छैन,2721
1,0,६,छैन,2722
2,0,३,छैन,2723
2,0,६,छैन,2724
2,0,३,छैन,2725
1,0,६,छैन,2726
4,0,३,छैन,2727
4,0,३,छैन,2728
1,0,६,छैन,2729
2,0,३,छैन,2730
1,0,७,छैन,2731
1,0,७,थाहा छैन,2731
2,0,६,छैन,2732
2,0,३,छैन,2733
2,0,३,छैन,2734
1,0,३,छैन,2734
1,0,६,छैन,2735
1,0,३,छैन,2736
1,0,६,छैन,2737
1,0,६,छैन,2738
1,0,६,छैन,2738
1,0,६,छैन,2739
1,0,६,छैन,2740
1,0,६,छैन,2741
2,0,६,छैन,2742
1,0,६,छैन,2743
1,0,६,छैन,2744
1,0,६,छैन,2745
4,0,३,छैन,2746
3,0,३,छैन,2747
3,0,३,छैन,2748
3,0,३,छैन,2749
2,0,३,छैन,2750
3,0,३,छैन,2751
3,0,३,छैन,2752
3,0,३,छैन,2753
3,0,३,छैन,2754
4,0,३,छैन,2755
3,0,३,छैन,2756
3,0,३,छैन,2757
2,0,३,छैन,2758
2,1,३,छैन,2758
2,0,६,छैन,2759
1,0,६,छैन,2759
2,0,३,छैन,2760
4,0,३,छैन,2761
1,0,६,छैन,2762
2,0,६,छैन,2762
2,0,३,छैन,2763
2,0,६,छैन,2764
3,0,३,छैन,2765
4,0,३,छैन,2766
2,0,३,छैन,2767
1,0,३,छैन,2768
2,0,३,छैन,2769
2,0,३,छैन,2770
3,0,७,छैन,2771
4,0,३,छ,2772
4,0,३,छैन,2773
2,0,७,थाहा छैन,2774
2,0,२,छैन,2775
1,0,२,छ,2776
3,0,७,छैन,2777
1,0,७,छैन,2778
2,0,४,छैन,2779
2,0,४,छैन,2779
2,0,३,छैन,2780
2,0,३,छैन,2780
6,0,७,छैन,2781
3,0,२,छैन,2782
2,0,१,छैन,2783
2,0,७,छैन,2784
3,0,२,छ,2785
1,1,२,छ,2785
2,0,४,छैन,2786
4,0,३,छैन,2787
4,0,७,छ,2788
1,0,७,छैन,2788
2,0,५,छैन,2789
2,0,४,छैन,2790
2,0,४,छैन,2791
2,0,४,छैन,2791
3,0,२,छ,2792
2,0,४,छैन,2793
2,0,४,छैन,2794
2,0,२,छ,2795
2,0,३,छैन,2796
2,0,६,छैन,2797
3,0,२,छैन,2798
1,0,३,छैन,2799
2,0,४,छैन,2800
2,0,४,छैन,2801
2,0,२,छ,2802
2,0,३,छैन,2803
4,0,३,छैन,2803
4,0,२,छ,2804
2,0,४,छैन,2805
2,0,२,छैन,2806
2,0,२,छ,2807
1,0,२,छ,2808
1,2,२,छ,2809
2,0,४,छैन,2810
1,0,२,छ,2811
1,2,२,छ,2811
2,0,३,छैन,2812
2,0,४,छैन,2813
2,0,४,छैन,2814
2,0,५,छैन,2815
2,0,३,छैन,2816
2,0,५,छैन,2817
1,0,५,छैन,2818
2,0,५,छैन,2818
1,0,२,छ,2819
1,0,५,छैन,2820
2,0,५,छैन,2820
2,0,५,छैन,2821
3,0,५,छैन,2822
2,0,५,छैन,2823
1,0,५,छैन,2823
2,0,२,छ,2824
2,0,५,छैन,2825
2,0,२,छैन,2826
3,0,३,छैन,2827
2,0,५,छैन,2828
2,0,३,छैन,2829
1,0,२,छ,2830
1,0,२,छ,2830
3,0,२,छ,2831
1,0,५,छैन,2832
2,0,५,छैन,2832
3,0,१,छैन,2833
2,0,५,छैन,2834
1,0,५,छैन,2835
2,0,५,छैन,2835
2,0,२,छैन,2836
4,0,३,छैन,2837
2,0,३,छैन,2838
2,0,२,छैन,2839
2,0,४,छैन,2840
2,0,४,छैन,2840
1,0,२,छैन,2841
2,0,१,छैन,2842
2,0,१,छैन,2843
2,0,१,छैन,2844
2,0,१,छैन,2845
1,0,१,छैन,2846
2,0,१,छैन,2847
1,0,१,छैन,2848
1,0,१,छैन,2849
2,0,१,छैन,2849
2,0,५,छैन,2850
2,0,५,छैन,2851
4,0,५,छैन,2852
10,0,५,छैन,2852
2,0,५,छैन,2853
2,0,५,छैन,2854
1,0,५,छैन,2855
2,0,५,छैन,2856
2,0,५,छैन,2857
2,0,५,छैन,2858
2,0,५,छैन,2859
1,0,५,छैन,2860
3,0,१,छैन,2861
2,0,५,छैन,2862
6,0,५,छैन,2863
2,0,५,छैन,2864
2,0,५,छैन,2865
1,0,५,छैन,2866
2,0,५,छैन,2867
3,0,५,छैन,2868
2,0,५,छैन,2869
2,0,५,छैन,2870
2,0,५,छैन,2871
1,0,५,छैन,2872
1,0,५,छैन,2873
2,0,५,छैन,2874
2,0,५,छैन,2875
2,0,५,छैन,2876
1,0,५,छैन,2877
2,0,५,छैन,2878
4,0,५,छैन,2879
2,0,५,छैन,2879
2,0,५,छैन,2880
6,0,५,छ,2880
2,0,५,छैन,2881
2,0,५,छैन,2882
3,0,५,छैन,2883
3,0,४,छैन,2884
2,0,५,छैन,2885
1,0,५,छैन,2885
2,0,५,छैन,2886
3,0,५,छैन,2887
2,0,५,छैन,2888
1,0,५,छैन,2889
2,0,५,छैन,2889
2,0,५,छैन,2890
2,0,५,छैन,2891
2,8,५,छैन,2892
2,0,५,छैन,2893
4,0,७,छैन,2894
1,0,७,छैन,2894
4,0,७,छैन,2895
2,0,७,छैन,2896
2,0,७,छैन,2897
2,0,७,छैन,2898
1,0,७,छैन,2899
5,0,३,छैन,2900
2,0,७,छैन,2901
4,0,७,छैन,2902
2,0,७,छैन,2903
2,0,७,छैन,2904
3,0,७,छैन,2905
2,0,७,छैन,2906
2,0,७,थाहा छैन,2907
2,0,७,छैन,2908
2,0,७,छैन,2909
2,0,४,छैन,2910
2,0,४,छैन,2910
2,0,४,छैन,2910
4,0,७,छैन,2911
4,0,७,छैन,2912
2,0,७,थाहा छैन,2913
2,0,१,छैन,2914
1,0,७,छैन,2915
4,0,७,छैन,2915
2,0,७,छैन,2916
2,0,७,छैन,2917
2,0,६,छैन,2918
2,0,७,छैन,2919
4,0,७,छैन,2919
2,0,७,थाहा छैन,2920
2,0,७,थाहा छैन,2921
2,0,७,छैन,2922
8,3,७,छ,2923
2,2,७,छैन,2923
2,0,७,छैन,2924
1,0,७,छैन,2925
4,0,७,छैन,2926
2,0,७,छैन,2927
1,0,७,छैन,2927
1,0,७,छैन,2928
1,0,७,छैन,2929
2,0,७,छैन,2930
4,0,७,छैन,2931
2,0,३,छैन,2932
2,0,७,छैन,2933
2,0,७,छैन,2934
2,0,७,छैन,2935
1,0,७,छैन,2936
3,0,७,छैन,2936
2,0,७,छैन,2937
2,0,७,छैन,2937
2,0,७,छैन,2938
2,0,७,छैन,2939
2,0,७,छैन,2940
3,0,७,छैन,2941
1,0,७,छैन,2941
2,0,७,छैन,2942
1,0,७,छैन,2943
4,0,७,छैन,2944
2,0,७,छैन,2945
1,0,७,छैन,2946
1,0,७,छैन,2947
4,0,७,छैन,2948
2,0,७,छैन,2949
2,0,१,छैन,2950
1,0,७,छैन,2951
1,0,७,छैन,2952
3,0,७,छैन,2952
2,0,७,छैन,2953
2,0,२,छैन,2954
2,0,७,छैन,2955
2,0,७,छैन,2955
2,0,७,छैन,2955
2,0,७,छैन,2955
2,0,१,छैन,2956
2,0,७,छैन,2957
3,1,४,छैन,2958
2,0,७,छैन,2959
2,0,७,छैन,2960
2,0,३,छैन,2961
2,0,७,छैन,2962
1,0,७,छैन,2962
3,0,७,छैन,2963
2,0,७,छैन,2964
2,0,७,छैन,2964
1,0,७,छैन,2965
2,0,७,छैन,2966
2,0,७,छैन,2967
2,0,७,छैन,2968
2,0,७,छैन,2969
2,0,१,छैन,2970
2,0,३,छैन,2971
2,0,५,छैन,2972
1,0,२,छैन,2973
4,0,७,छैन,2974
3,0,७,छैन,2974
3,0,७,छैन,2975
2,0,७,छैन,2976
1,0,७,छैन,2976
2,0,३,छैन,2977
1,0,७,छैन,2978
1,0,७,छैन,2979
1,0,७,छैन,2979
1,0,७,छैन,2980
1,0,७,छैन,2980
4,0,३,छैन,2981
3,0,२,छैन,2982
3,0,४,छैन,2983
2,0,४,छैन,2984
4,0,४,छैन,2984
2,0,४,छैन,2985
2,0,४,छैन,2985
2,0,४,छैन,2986
2,0,४,छैन,2986
2,0,४,छैन,2986
3,0,४,छैन,2987
2,0,४,छैन,2988
2,0,४,छैन,2988
2,0,४,छैन,2989
2,0,४,छैन,2989
2,0,४,छैन,2990
2,0,४,छैन,2990
4,0,४,छैन,2991
2,0,४,छैन,2991
1,0,४,छैन,2992
4,0,४,छैन,2992
2,0,३,छैन,2993
2,0,७,छैन,2994
4,1,४,छैन,2995
4,0,४,छैन,2996
2,0,४,छैन,2997
2,0,७,छैन,2998
4,0,४,छैन,2999
2,0,४,छैन,2999
2,0,७,छैन,3000
2,0,७,छैन,3000
2,0,४,छैन,3001
2,0,४,छैन,3002
2,0,७,छैन,3003
2,0,७,छैन,3003
3,0,४,छैन,3004
2,0,४,छैन,3004
1,0,५,छैन,3005
2,0,७,छैन,3006
4,0,४,छैन,3007
4,0,४,छैन,3008
4,0,४,छैन,3009
4,0,४,छैन,3010
2,0,४,छैन,3010
2,0,४,छैन,3011
2,0,७,छैन,3012
2,0,७,छैन,3013
2,0,७,छैन,3014
2,0,५,छैन,3015
3,0,७,छैन,3016
2,0,७,छैन,3017
2,0,७,छैन,3018
2,0,७,छैन,3019
6,0,७,छैन,3020
2,0,७,छैन,3021
2,0,७,छैन,3022
1,0,७,छैन,3022
2,0,७,छैन,3023
2,0,७,छैन,3024
2,0,७,छैन,3025
2,0,७,छैन,3026
2,0,७,छैन,3027
2,0,७,छैन,3028
2,0,३,छैन,3029
1,0,७,छैन,3030
2,0,७,छैन,3030
1,0,७,छैन,3031
2,0,७,छैन,3031
2,0,७,छैन,3032
2,0,३,छैन,3033
1,0,७,छैन,3034
2,0,६,छैन,3035
1,0,७,छैन,3036
1,0,७,छैन,3037
2,0,३,छैन,3038
1,0,२,छैन,3039
1,0,२,छैन,3040
2,0,२,छैन,3040
3,0,२,छैन,3041
2,0,२,छैन,3041
1,0,२,छैन,3042
1,0,२,छैन,3042
1,0,२,छैन,3043
2,0,२,छैन,3044
2,0,१,छैन,3045
1,0,६,छैन,3046
1,0,६,छैन,3047
8,0,६,छैन,3048
2,0,६,छैन,3048
2,0,६,छैन,3049
2,0,६,छैन,3050
2,0,६,छैन,3051
2,0,६,छैन,3052
2,0,६,छैन,3053
1,0,६,छैन,3054
2,0,६,छैन,3055
1,0,६,छैन,3056
2,0,६,छैन,3057
1,0,६,छैन,3058
2,0,७,छैन,3059
4,0,२,छैन,3060
4,0,२,छैन,3061
2,0,२,छैन,3062
1,0,२,छैन,3063
1,0,२,छैन,3064
3,0,२,छैन,3065
2,0,७,छैन,3066
2,0,७,छैन,3067
2,0,७,छैन,3068
2,0,७,छैन,3069
2,0,२,छैन,3070
2,0,७,छैन,3071
2,0,७,छैन,3072
1,0,७,छैन,3072
4,0,७,छैन,3073
2,0,७,छैन,3074
2,0,७,छैन,3075
2,0,२,छैन,3076
2,0,७,छैन,3077
2,0,७,छैन,3078
2,0,७,छैन,3079
2,0,४,छैन,3080
2,0,४,छैन,3080
2,0,७,छैन,3081
1,0,७,छैन,3082
2,0,७,छैन,3083
2,0,७,छैन,3084
3,0,७,छैन,3085
1,0,७,छैन,3085
2,0,५,छैन,3086
1,0,७,छैन,3087
1,0,७,छैन,3087
4,0,२,छैन,3088
2,0,७,छैन,3089
3,0,७,थाहा छैन,3089
2,0,४,छैन,3090
2,0,७,छैन,3091
2,0,७,छैन,3092
2,0,७,छैन,3093
2,0,७,छैन,3094
1,0,७,छैन,3094
4,0,७,छैन,3095
1,0,७,छैन,3096
2,0,७,छैन,3097
2,0,७,छैन,3098
2,0,७,छैन,3099
2,0,७,छैन,3100
2,0,७,छैन,3101
2,0,५,छैन,3102
4,2,५,छैन,3103
4,1,५,छैन,3104
1,0,२,छैन,3105
2,0,२,छैन,3105
4,0,५,छैन,3106
3,0,५,छैन,3107
14,4,५,छ,3108
2,0,४,छैन,3109
2,0,४,छैन,3109
3,0,६,छैन,3110
2,0,६,छैन,3111
1,0,६,छैन,3112
2,0,७,छैन,3113
2,0,७,छैन,3113
1,0,६,छैन,3114
4,0,६,छैन,3114
1,0,६,छैन,3115
1,0,६,छैन,3116
1,0,६,छैन,3117
1,0,६,छैन,3118
1,0,६,छैन,3119
1,0,६,छैन,3120
1,0,२,छैन,3121
1,0,६,छैन,3122
1,0,२,छैन,3123
2,0,२,छैन,3123
1,0,२,छैन,3124
1,0,२,छैन,3125
2,0,२,छैन,3126
1,0,२,छैन,3127
2,0,२,छैन,3128
2,0,७,छैन,3129
2,0,१,छैन,3130
2,0,६,छैन,3131
2,0,६,छैन,3132
1,0,६,छैन,3133
1,0,६,छैन,3134
2,0,६,छैन,3135
2,0,६,छैन,3136
2,0,७,छैन,3137
1,0,६,छैन,3139
2,0,५,छैन,3140
1,0,६,छैन,3141
1,0,६,छैन,3142
2,0,६,छैन,3143
1,0,६,छैन,3144
2,0,६,छैन,3145
4,0,६,छैन,3146
2,0,६,छैन,3147
2,0,६,छैन,3148
1,0,६,छैन,3149
3,0,५,छैन,3150
1,0,५,छैन,3150
2,0,५,छैन,3151
2,0,६,छैन,3152
2,0,५,छैन,3153
2,0,५,छैन,3153
2,0,६,छैन,3154
1,0,६,छैन,3154
1,0,६,छैन,3155
2,0,६,छैन,3156
2,0,३,छैन,3157
2,0,६,छैन,3158
4,0,३,छैन,3159
3,0,४,छैन,3160
1,0,१,छैन,3161
2,0,३,छैन,3162
1,0,३,छैन,3162
1,0,७,छैन,3163
2,0,२,छैन,3164
2,0,१,छैन,3165
2,0,७,छैन,3166
2,0,४,छैन,3167
2,0,४,छैन,3167
2,0,६,छैन,3168
2,0,६,छैन,3169
2,0,६,छैन,3170
2,0,६,छैन,3171
2,0,६,छैन,3172
1,0,६,थाहा छैन,3173
2,0,६,छैन,3174
1,0,६,छैन,3175
1,0,६,छैन,3176
2,0,६,छैन,3177
2,0,६,छैन,3178
2,0,६,छैन,3179
2,0,४,छैन,3180
2,0,७,छैन,3181
2,0,७,छैन,3181
2,0,६,छैन,3182
2,0,६,छैन,3183
2,0,२,छैन,3184
1,0,१,छैन,3185
2,0,६,छैन,3186
2,0,२,छैन,3187
1,0,२,छैन,3187
2,0,६,छैन,3188
2,0,४,छैन,3189
2,0,४,छैन,3189
2,0,४,छैन,3189
2,0,४,छैन,3189
2,0,२,छैन,3190
2,0,७,छैन,3191
2,2,६,छैन,3192
2,0,२,छैन,3193
2,0,७,छैन,3194
2,0,६,छैन,3195
2,0,२,छैन,3196
2,0,२,छैन,3196
2,0,६,छैन,3197
2,0,२,छैन,3198
1,0,२,छैन,3198
1,0,२,छैन,3199
1,0,२,छैन,3200
1,0,२,छैन,3201
1,2,२,छैन,3202
1,0,२,छैन,3203
1,2,२,छैन,3203
1,0,२,छैन,3204
4,0,२,छैन,3205
2,0,४,छैन,3206
2,0,४,छैन,3206
1,3,२,छैन,3207
2,0,२,छैन,3208
1,0,२,छैन,3209
2,0,६,छैन,3210
2,0,२,छैन,3211
2,0,२,छैन,3212
2,0,२,छैन,3213
1,0,२,छैन,3214
1,0,२,छैन,3215
1,0,२,छैन,3216
1,0,२,छैन,3217
1,0,२,छैन,3218
1,0,२,छैन,3219
3,0,२,छैन,3220
3,0,२,छैन,3221
4,0,२,छैन,3222
3,0,२,छैन,3223
2,0,२,छैन,3224
1,0,२,छैन,3225
1,0,२,छैन,3226
2,0,२,छैन,3227
2,0,२,छैन,3228
2,0,२,छैन,3229
2,0,६,छैन,3230
2,0,२,छैन,3231
2,0,२,छैन,3232
2,0,२,छैन,3233
1,0,२,छैन,3233
3,1,३,छैन,3234
4,0,३,छैन,3235
1,0,३,छैन,3236
6,0,३,छैन,3236
4,0,३,छैन,3237
3,0,२,छैन,3238
4,0,३,छैन,3239
3,0,३,छैन,3240
3,0,३,छैन,3241
3,0,३,छैन,3242
3,0,३,छैन,3243
3,0,३,छैन,3244
2,0,३,छैन,3245
4,0,३,छैन,3246
1,0,२,छैन,3247
2,0,३,छैन,3248
2,0,३,छैन,3249
2,0,३,छैन,3250
3,0,३,छैन,3251
3,0,३,छैन,3252
2,0,३,छैन,3253
2,0,३,छैन,3254
2,0,३,छैन,3255
4,0,३,छैन,3256
4,0,३,छैन,3257
4,0,३,छैन,3258
4,0,३,छैन,3259
4,0,३,छैन,3260
3,0,३,छैन,3261
1,0,२,छैन,3262
2,0,३,छैन,3263
2,0,३,छैन,3263
3,0,३,छैन,3264
4,0,३,छ,3265
6,0,३,छैन,3266
2,0,३,छैन,3267
2,0,३,छैन,3268
3,0,३,छैन,3269
2,0,५,छैन,3270
2,0,५,छैन,3271
2,0,५,छैन,3271
1,0,५,छैन,3271
2,0,५,छैन,3272
1,0,५,छैन,3273
2,0,५,छैन,3274
2,0,५,छैन,3275
2,0,५,छैन,3276
2,0,३,थाहा छैन,3277
2,0,५,छैन,3278
1,0,५,छैन,3279
2,0,५,छैन,3280
2,0,५,छैन,3281
2,0,५,छैन,3282
1,0,५,छैन,3283
1,0,५,छैन,3284
1,0,५,छैन,3285
1,0,५,छैन,3285
3,0,३,थाहा छैन,3286
2,0,५,छैन,3287
2,0,५,छैन,3287
1,0,५,छैन,3288
2,0,५,छैन,3289
1,0,५,छैन,3289
2,0,५,छैन,3290
2,0,५,छैन,3291
2,0,५,छैन,3292
2,0,५,छैन,3293
1,0,५,छैन,3294
2,0,५,छैन,3295
4,0,३,थाहा छैन,3296
2,0,५,छैन,3297
1,0,५,छैन,3298
2,0,५,छैन,3298
2,0,१,छैन,3299
3,0,३,छैन,3300
1,0,५,छैन,3301
3,0,३,छैन,3302
4,0,३,छैन,3303
4,0,३,छैन,3304
2,0,१,छैन,3305
2,0,१,छैन,3305
3,0,३,छैन,3306
4,0,३,छैन,3307
4,0,१,छैन,3308
4,0,१,छैन,3309
2,0,१,छैन,3310
2,0,३,छैन,3311
2,0,१,छैन,3312
2,0,५,छैन,3313
2,0,१,छैन,3314
1,0,१,छैन,3315
2,0,३,छैन,3316
1,0,३,छैन,3317
2,0,३,छैन,3318
1,0,३,छैन,3318
2,0,५,छैन,3319
2,0,५,छैन,3320
2,0,३,छैन,3321
2,0,३,छैन,3321
2,0,३,छैन,3322
2,0,३,छैन,3323
2,0,३,छैन,3324
4,0,३,छैन,3325
2,0,३,छैन,3326
4,0,३,छ,3326
3,0,३,छैन,3327
1,0,३,छैन,3327
3,0,३,छैन,3328
4,0,३,छैन,3329
2,0,३,छैन,3330
1,0,५,छैन,3331
2,0,५,छैन,3331
4,0,३,छैन,3332
2,0,३,छैन,3333
4,0,३,छैन,3334
2,0,३,छैन,3335
2,0,३,छैन,3335
1,0,३,छैन,3336
3,0,३,छैन,3336
2,0,३,छैन,3337
2,0,३,छैन,3338
2,0,३,छैन,3339
2,0,३,छैन,3340
2,0,३,छैन,3341
1,0,३,छैन,3342
3,0,३,छैन,3342
3,0,३,छैन,3343
2,0,३,छैन,3343
4,0,३,छैन,3344
2,0,३,छैन,3345
1,0,३,छैन,3345
1,0,३,छैन,3346
2,0,३,छैन,3347
2,0,७,छैन,3348
4,0,३,छैन,3349
2,0,३,छैन,3350
1,0,३,छैन,3350
1,0,५,छैन,3351
1,0,५,छैन,3352
1,0,५,छैन,3353
1,0,५,छैन,3354
2,0,५,छैन,3355
2,0,५,छैन,3356
1,0,५,छैन,3356
2,0,५,छैन,3357
2,0,५,छैन,3358
2,0,३,छैन,3359
2,0,५,छैन,3360
2,0,५,छैन,3361
2,0,५,छैन,3362
2,0,५,छैन,3363
2,0,५,छैन,3364
2,0,५,छैन,3365
2,0,१,छैन,3366
2,0,५,छैन,3367
1,0,५,छैन,3368
2,0,४,छैन,3369
2,0,३,थाहा छैन,3370
2,0,३,छैन,3371
3,0,३,छैन,3372
2,0,३,छैन,3373
2,0,५,छैन,3374
3,0,३,छैन,3375
4,0,३,छैन,3375
4,0,३,छैन,3376
4,0,३,छैन,3376
4,0,३,छैन,3377
4,0,३,छ,3377
4,0,५,छैन,3378
2,0,५,छैन,3379
2,0,५,छैन,3380
4,0,५,छैन,3381
2,0,५,छैन,3382
4,0,५,छैन,3383
7,0,५,छैन,3384
2,0,५,छैन,3385
2,0,५,छैन,3386
2,0,५,छैन,3387
6,0,५,छैन,3388
1,0,५,छैन,3389
1,0,५,छैन,3389
1,0,५,छैन,3390
1,0,२,छैन,3391
1,0,१,छैन,3392
2,0,५,छैन,3393
2,0,५,छैन,3394
2,0,६,छैन,3395
1,0,१,छैन,3396
2,0,५,छैन,3397
1,0,५,छैन,3397
3,0,७,छैन,3398
1,0,२,छैन,3399
1,0,१,छैन,3400
2,0,५,छैन,3401
2,0,५,छैन,3401
2,0,५,छैन,3402
2,0,२,छैन,3403
1,0,५,छैन,3404
2,0,४,छैन,3405
2,0,५,छैन,3406
2,0,२,छैन,3407
1,0,३,छैन,3408
3,0,२,छैन,3409
1,0,५,छैन,3410
2,0,२,छैन,3411
2,0,२,छैन,3412
2,0,२,छैन,3413
1,0,२,छैन,3414
2,0,२,छैन,3415
2,0,२,छैन,3416
2,0,२,छैन,3417
3,0,२,छैन,3418
2,0,२,छैन,3419
2,0,२,छैन,3420
2,0,५,छैन,3421
2,0,३,छैन,3422
4,0,२,छैन,3423
4,0,२,छैन,3424
2,0,२,छैन,3425
2,0,५,छैन,3426
2,0,२,छैन,3427
2,0,२,छैन,3428
1,0,२,छैन,3429
1,0,२,छैन,3430
2,0,२,छैन,3431
2,0,५,छैन,3432
2,0,२,छैन,3433
1,0,२,छैन,3434
1,0,२,छैन,3435
2,0,५,छैन,3436
1,0,१,छैन,3437
1,0,१,छैन,3438
1,0,१,छैन,3439
1,0,१,छैन,3440
2,0,५,छैन,3441
2,0,१,छैन,3442
4,0,१,छैन,3443
2,0,१,छैन,3444
2,0,१,छैन,3445
2,0,१,छैन,3446
2,0,१,छैन,3447
2,0,१,छैन,3448
2,0,१,छैन,3449
2,0,४,छैन,3450
2,0,१,छैन,3451
2,0,१,छैन,3452
1,0,१,छैन,3453
2,0,१,छैन,3454
2,0,१,छैन,3455
2,0,२,छैन,3456
1,0,१,छैन,3457
2,0,५,छैन,3458
2,0,५,छैन,3458
2,0,७,छैन,3459
1,0,५,छैन,3460
2,0,५,छैन,3461
2,0,५,छैन,3462
2,0,४,छैन,3463
1,0,५,छैन,3464
2,0,२,छैन,3465
1,0,५,छैन,3466
2,0,५,छैन,3466
2,0,५,छैन,3467
3,0,२,छैन,3468
2,0,५,छैन,3469
2,0,३,छैन,3470
2,0,५,छैन,3471
2,0,३,छैन,3472
4,0,३,छैन,3472
2,0,५,छैन,3473
2,0,२,छैन,3474
2,0,५,छैन,3475
2,0,२,छैन,3476
1,0,२,छैन,3477
2,0,३,छैन,3478
2,0,२,छैन,3479
2,0,५,छैन,3480
4,0,४,छैन,3481
2,0,३,छैन,3482
2,0,६,छैन,3483
3,0,२,छैन,3484
2,0,२,छैन,3485
2,0,२,छैन,3486
2,0,२,छैन,3487
6,1,७,छैन,3488
2,0,७,छैन,3489
2,0,७,छैन,3490
1,0,७,छैन,3491
2,0,७,छैन,3492
1,0,७,छैन,3493
2,0,७,छैन,3493
4,0,७,छैन,3494
2,0,७,छैन,3495
3,0,७,छैन,3496
2,0,७,छैन,3497
2,0,७,छैन,3498
2,0,७,छैन,3499
2,0,७,छैन,3500
4,0,७,छैन,3501
8,0,७,छैन,3502
6,0,७,छैन,3503
1,0,७,छैन,3504
2,0,७,छैन,3505
2,0,७,छैन,3506
2,0,७,छैन,3507
2,0,७,छैन,3508
1,0,७,छैन,3509
2,0,५,छैन,3510
2,0,५,छैन,3511
2,0,७,छैन,3512
2,0,७,छैन,3512
2,0,२,छैन,3513
2,0,७,छैन,3514
2,0,२,छैन,3515
2,3,२,छैन,3516
1,0,२,छैन,3517
2,0,२,छैन,3518
3,0,२,छैन,3519
2,0,२,छैन,3520
2,0,२,छैन,3521
2,0,२,छैन,3522
2,0,२,छैन,3523
3,0,२,छैन,3524
1,0,२,छैन,3525
4,0,२,छैन,3526
2,0,२,छैन,3527
1,0,२,छैन,3528
1,0,७,छैन,3529
4,0,५,छैन,3530
1,0,२,छैन,3531
2,0,४,छैन,3532
2,0,५,छैन,3533
2,0,७,छैन,3534
2,0,५,छैन,3535
3,0,२,छैन,3536
1,0,२,छैन,3536
1,0,२,छैन,3537
2,0,२,छैन,3538
1,0,२,छैन,3539
1,0,२,छैन,3540
1,0,२,छैन,3541
1,0,२,छैन,3541
4,0,२,छैन,3542
1,0,२,छैन,3543
1,0,२,छैन,3543
2,0,१,छैन,3544
2,0,१,छैन,3545
1,0,६,छैन,3546
2,0,१,छैन,3547
2,0,१,छैन,3548
2,0,१,छैन,3549
2,0,१,छैन,3550
2,0,१,छैन,3551
2,0,१,छैन,3552
1,0,५,छैन,3553
7,3,५,छैन,3553
2,0,५,छैन,3554
1,0,५,छैन,3554
2,0,५,छैन,3555
1,0,५,छैन,3556
2,0,५,छैन,3557
1,0,५,छैन,3558
1,0,५,छैन,3558
2,0,५,छैन,3559
2,0,५,छैन,3560
2,0,५,छैन,3561
2,0,५,छैन,3562
1,0,५,छैन,3563
1,0,५,छैन,3563
1,0,५,छैन,3564
2,0,५,छैन,3564
2,0,५,छैन,3565
1,0,५,छैन,3565
2,0,५,छैन,3566
3,0,२,छैन,3567
2,0,२,छैन,3568
2,0,१,छैन,3569
2,0,१,छैन,3569
2,0,१,छैन,3570
2,0,१,छैन,3571
2,0,१,छैन,3572
2,0,१,छैन,3573
2,0,१,छैन,3574
2,0,१,छैन,3575
2,0,१,छैन,3576
2,0,१,छैन,3577
4,0,१,छैन,3578
4,0,१,छैन,3579
2,0,१,छैन,3580
2,0,१,छैन,3581
2,0,१,छैन,3582
2,0,१,छ,3583
2,0,१,छैन,3584
1,0,१,छैन,3585
1,0,१,छैन,3586
2,0,१,छैन,3587
2,0,१,छैन,3588
2,0,१,छैन,3589
2,0,१,छैन,3590
1,0,१,छैन,3591
2,0,१,छैन,3592
1,0,१,छैन,3593
2,0,१,छैन,3594
2,0,१,छैन,3595
2,0,१,छैन,3596
2,1,१,छ,3597
2,0,१,छैन,3598
2,0,१,छैन,3599
2,0,१,छैन,3600
2,0,१,छैन,3601
2,0,१,छैन,3602
2,0,१,छैन,3603
2,0,१,छैन,3604
2,0,१,छैन,3605
2,0,१,छैन,3606
2,0,१,छैन,3607
3,0,२,छैन,3608
2,0,२,छैन,3609
1,0,२,छैन,3610
2,0,२,छैन,3611
1,0,२,छैन,3612
2,0,२,छैन,3613
2,0,२,छैन,3614
3,0,२,छैन,3615
3,0,२,छैन,3616
4,0,२,छ,3617
2,0,२,छैन,3618
3,0,२,छैन,3619
2,0,२,छैन,3620
2,0,२,छैन,3621
1,0,२,छैन,3622
2,0,२,छैन,3623
2,0,१,छैन,3624
1,0,२,छैन,3625
2,0,४,छैन,3626
1,0,३,छैन,3627
2,0,१,छैन,3628
2,0,१,छैन,3629
4,0,३,छैन,3630
4,0,५,छ,3631
2,0,१,छैन,3632
2,0,५,छैन,3633
2,0,१,छैन,3634
1,0,५,छैन,3635
2,0,५,छैन,3636
1,0,५,छैन,3637
1,0,५,छैन,3637
2,0,५,छैन,3638
2,0,६,छैन,3639
2,0,५,छैन,3640
4,0,५,छैन,3641
2,0,५,छैन,3642
2,0,४,छैन,3643
2,0,५,छैन,3644
2,0,५,छैन,3645
2,0,५,छैन,3646
2,0,५,छैन,3647
2,0,५,छैन,3648
2,0,५,छैन,3649
2,0,५,छैन,3650
2,0,२,छ,3651
2,0,२,छ,3652
2,0,२,छ,3653
1,0,२,छ,3653
4,0,५,छ,3654
1,0,२,छ,3655
1,0,२,छ,3655
1,3,२,छ,3656
4,0,५,छैन,3657
2,0,१,छैन,3658
2,0,५,छैन,3659
1,2,२,छैन,3660
1,0,५,छैन,3661
2,0,५,छैन,3661
2,0,२,छ,3662
2,0,५,छैन,3663
1,0,५,छैन,3663
1,0,२,छैन,3664
1,0,२,छैन,3665
2,0,१,छैन,3666
1,0,२,छैन,3667
2,0,६,छैन,3668
1,0,२,छैन,3669
2,0,२,छैन,3670
4,0,२,छैन,3671
2,0,२,छैन,3672
1,0,२,छैन,3673
2,0,५,छैन,3674
2,0,२,छैन,3675
2,0,२,छैन,3675
2,0,२,छैन,3676
2,0,२,छैन,3677
2,0,२,छ,3678
1,2,२,छ,3678
4,0,२,छैन,3679
1,0,२,छैन,3680
4,0,२,छैन,3681
3,0,२,छैन,3682
1,0,२,छैन,3683
2,0,३,छैन,3684
4,0,२,छैन,3685
5,0,४,छ,3686
4,0,४,छैन,3686
2,0,२,छैन,3687
2,0,२,छैन,3688
3,0,२,छैन,3689
2,0,५,छैन,3690
3,0,२,छैन,3691
2,0,२,छैन,3692
1,0,२,छैन,3693
2,0,२,छैन,3694
2,0,२,छैन,3695
1,0,५,छैन,3696
1,0,५,छैन,3696
3,0,२,छैन,3697
4,0,५,छैन,3698
4,0,२,छैन,3699
1,0,२,छैन,3700
2,0,२,छ,3701
4,0,२,छ,3701
2,0,१,छैन,3702
2,0,४,छैन,3703
2,0,२,छैन,3704
2,8,२,छैन,3705
2,0,२,छैन,3706
1,0,२,छैन,3707
1,0,२,छैन,3708
3,0,२,छैन,3709
2,0,२,छैन,3710
3,0,२,छैन,3711
3,0,२,छैन,3712
2,0,३,छैन,3713
1,0,१,छैन,3714
2,0,१,छैन,3715
1,0,२,छ,3716
5,0,४,छैन,3717
1,0,५,छैन,3718
2,0,२,छैन,3719
1,0,२,छैन,3720
2,0,२,छैन,3721
1,1,२,छ,3722
2,0,२,छैन,3723
2,0,२,छैन,3724
2,0,२,छैन,3725
2,0,२,छैन,3726
2,0,२,छैन,3727
1,0,२,छैन,3728
1,0,२,छैन,3729
1,0,१,छैन,3730
1,0,२,छैन,3731
3,0,२,छैन,3732
2,0,४,छैन,3733
1,0,४,छैन,3733
2,0,२,छैन,3734
4,0,२,छैन,3735
2,0,२,छैन,3736
2,0,२,छैन,3737
2,0,२,छैन,3738
2,0,२,छैन,3739
2,0,२,छैन,3740
1,0,२,छैन,3741
2,0,२,छैन,3742
1,0,३,छैन,3743
2,0,२,छैन,3744
2,0,२,छैन,3745
3,0,२,छैन,3746
5,0,४,छैन,3747
2,0,२,छैन,3748
3,0,२,छैन,3749
3,0,२,छैन,3750
3,0,२,छैन,3751
2,0,२,छैन,3752
2,0,२,छैन,3753
4,0,२,छैन,3754
2,0,१,छैन,3755
2,0,१,छैन,3756
3,0,२,छैन,3757
3,0,२,छैन,3758
2,0,२,छैन,3759
4,0,१,छैन,3760
1,0,२,छैन,3761
2,0,४,छैन,3762
4,0,१,छैन,3763
1,0,३,छैन,3764
1,0,२,छैन,3765
2,0,२,छैन,3766
2,0,२,छैन,3767
1,0,२,छैन,3768
2,0,५,छैन,3769
2,0,२,छैन,3770
2,0,२,छैन,3771
1,0,२,छैन,3771
2,0,३,छैन,3772
2,0,२,छैन,3773
1,0,२,छैन,3774
3,0,२,छैन,3775
2,0,२,छैन,3776
2,0,१,छैन,3777
1,0,५,छैन,3778
1,0,५,छैन,3778
2,0,१,छैन,3779
1,0,६,छैन,3780
2,0,७,छैन,3781
2,0,५,छैन,3782
2,0,३,छैन,3783
2,0,५,छैन,3784
2,0,५,छैन,3785
4,0,४,छैन,3786
1,0,५,छैन,3787
1,0,२,छैन,3788
1,0,३,छैन,3789
2,0,६,छैन,3790
2,0,१,छैन,3791
1,0,७,छैन,3792
2,0,३,छैन,3793
2,0,५,छैन,3794
3,0,५,छैन,3795
3,0,७,छैन,3796
1,0,६,छैन,3797
2,0,३,छैन,3798
2,0,३,छैन,3799
2,0,१,छैन,3800
3,0,४,छैन,3801
2,0,४,छैन,3801
2,0,७,छैन,3802
1,0,६,छैन,3803
2,0,२,छैन,3804
1,0,३,छैन,3805
2,0,५,छैन,3806
4,0,४,छैन,3807
2,0,५,छैन,3808
2,0,१,छैन,3809
2,0,५,छैन,3810
2,0,१,छैन,3811
2,0,५,छैन,3812
1,0,५,छैन,3812
2,0,५,छैन,3813
2,0,५,छैन,3813
2,0,५,छैन,3814
2,0,५,छैन,3814
2,0,५,छैन,3815
2,0,५,छैन,3816
2,0,५,छैन,3817
2,0,५,छैन,3818
1,0,५,छैन,3818
2,0,५,छैन,3819
2,0,५,छैन,3820
2,0,५,छैन,3821
1,0,५,छैन,3822
2,0,५,छैन,3823
2,0,५,छैन,3824
2,0,५,छैन,3825
2,0,५,छैन,3826
2,0,५,छैन,3826
1,0,५,छैन,3827
1,0,५,छैन,3827
2,0,५,छैन,3828
2,0,५,छैन,3829
1,0,५,छैन,3829
2,0,५,छ,3830
2,0,५,छैन,3830
2,0,५,छैन,3831
2,0,५,छैन,3832
1,0,५,छैन,3832
2,0,५,छैन,3833
2,0,५,छैन,3833
1,0,५,छैन,3834
2,0,५,छैन,3835
2,0,३,छैन,3836
2,0,६,छैन,3837
1,0,२,छैन,3838
2,0,२,छैन,3838
1,0,२,छैन,3839
1,0,२,छैन,3839
1,0,२,छैन,3839
3,0,२,छैन,3840
3,0,२,छैन,3841
2,0,२,छैन,3842
2,0,२,छैन,3843
4,0,३,छैन,3844
1,0,३,छैन,3844
1,0,२,छैन,3845
1,0,२,छैन,3845
1,0,२,छैन,3845
2,0,२,छैन,3846
1,0,२,छैन,3846
1,0,२,छैन,3846
1,0,२,छैन,3846
1,0,२,छैन,3846
1,0,२,छैन,3846
2,0,२,छैन,3847
2,0,२,छैन,3847
1,0,२,छैन,3847
1,0,२,छैन,3847
1,0,२,छैन,3847
2,0,२,छैन,3848
2,0,२,छैन,3848
1,0,२,छैन,3848
3,0,२,छैन,3849
2,0,२,छैन,3849
2,0,२,छैन,3849
2,0,५,छैन,3850
2,0,३,छैन,3851
1,0,३,छैन,3851
3,0,१,छैन,3852
2,0,६,थाहा छैन,3853
2,0,१,छैन,3854
2,0,३,छैन,3855
2,0,३,छैन,3856
2,0,२,छैन,3857
2,0,३,छैन,3858
2,0,३,छैन,3859
3,0,२,छैन,3860
2,0,६,छैन,3861
2,0,६,छैन,3862
1,0,६,छैन,3863
1,0,६,छैन,3864
2,0,६,छैन,3865
2,0,६,छैन,3866
1,0,६,छैन,3867
4,0,६,छैन,3868
1,0,६,छैन,3869
1,0,२,छैन,3870
1,0,२,छैन,3870
2,0,२,छैन,3871
1,0,२,छैन,3872
1,2,२,छैन,3872
1,0,२,छैन,3873
1,0,२,छैन,3874
4,0,२,छैन,3874
1,0,२,छैन,3874
1,0,२,छैन,3875
1,0,२,छैन,3875
2,0,६,छैन,3876
2,0,७,छैन,3877
1,0,६,छैन,3878
2,0,६,छैन,3878
1,0,६,छैन,3879
2,0,२,छैन,3880
3,0,६,छैन,3881
2,0,१,छैन,3882
2,0,१,छैन,3883
2,0,१,छैन,3884
1,0,१,छैन,3885
1,0,१,छैन,3886
2,0,१,छैन,3887
2,0,१,छैन,3888
2,0,१,छैन,3889
2,0,१,छैन,3890
2,0,१,छैन,3891
2,0,१,छैन,3892
2,0,१,छैन,3893
2,0,१,छैन,3894
2,0,१,छैन,3895
2,0,१,छैन,3896
2,0,१,छैन,3897
2,0,१,छैन,3898
2,0,१,छैन,3899
2,0,१,छैन,3900
1,0,१,छैन,3901
2,0,१,छैन,3902
2,0,१,छैन,3903
2,0,१,छैन,3904
2,0,१,छैन,3905
2,0,२,छैन,3906
2,0,२,छैन,3907
2,0,१,छैन,3908
2,0,१,छैन,3909
1,0,१,छैन,3910
2,0,१,छैन,3911
2,0,१,छैन,3912
1,0,२,छैन,3913
1,0,२,छैन,3914
2,0,१,छैन,3915
2,0,१,छैन,3915
2,0,१,छैन,3916
2,0,१,छैन,3917
1,0,१,छैन,3918
2,0,१,छैन,3919
2,0,१,छैन,3920
2,0,१,छैन,3921
1,0,२,छैन,3922
2,0,१,छैन,3923
1,0,१,छैन,3924
2,0,१,छैन,3925
2,0,२,छैन,3926
2,0,१,छैन,3927
2,0,१,छैन,3928
2,0,१,छैन,3929
2,0,१,छैन,3930
2,0,१,छैन,3931
2,0,१,छैन,3932
2,0,२,छैन,3933
2,0,२,छैन,3934
2,0,२,छैन,3935
2,0,३,छैन,3936
1,0,२,छैन,3937
3,0,२,छैन,3938
4,0,३,छैन,3939
3,0,५,छैन,3940
2,0,१,छैन,3941
2,0,१,छैन,3942
2,0,६,छैन,3943
4,0,७,छैन,3944
2,0,३,छैन,3945
4,0,३,छैन,3945
2,0,३,छैन,3945
4,0,३,छैन,3946
4,0,३,छैन,3947
1,0,३,छैन,3948
4,0,३,छैन,3949
8,4,२,छैन,3950
2,0,१,छैन,3951
1,0,७,छैन,3952
2,0,७,छैन,3953
2,0,७,छैन,3954
2,0,२,छ,3955
2,0,७,छैन,3956
2,0,१,छैन,3957
2,0,१,छैन,3958
1,0,७,छैन,3959
2,0,७,छैन,3960
3,0,७,छैन,3961
2,0,७,छैन,3962
2,0,७,छैन,3963
2,0,७,छैन,3964
1,0,७,छैन,3964
4,0,७,छैन,3965
1,0,७,छैन,3966
2,0,७,छैन,3967
5,0,७,छैन,3968
2,0,६,छैन,3969
2,0,७,छैन,3970
2,0,७,छैन,3971
2,0,७,छैन,3972
1,0,७,छैन,3972
2,0,७,छैन,3973
2,0,७,छैन,3974
1,0,७,छैन,3975
2,0,७,छैन,3976
2,0,७,छैन,3976
2,0,७,छैन,3977
1,2,२,छैन,3978
1,0,१,छैन,3979
2,0,७,छैन,3980
2,0,५,छैन,3981
6,0,७,छ,3982
2,0,७,छैन,3983
2,0,७,छैन,3984
2,0,२,छैन,3985
2,0,१,छैन,3986
2,0,६,छैन,3987
2,0,१,छैन,3988
1,0,१,छैन,3988
2,0,७,छैन,3989
1,0,२,छैन,3990
2,0,२,छैन,3990
2,0,१,छैन,3991
1,0,१,छैन,3991
2,0,२,छैन,3992
2,0,७,छैन,3993
4,0,१,छैन,3994
2,0,२,छ,3995
4,0,२,छैन,3996
1,0,२,छैन,3996
1,0,२,छैन,3996
2,0,३,छैन,3997
1,0,६,छैन,3998
2,0,२,छैन,3999
1,0,२,छैन,3999
2,0,२,छैन,4000
2,0,५,छैन,4001
2,0,३,छैन,4002
2,0,३,छैन,4003
2,0,६,छैन,4004
1,0,६,छ,4005
1,0,६,छैन,4005
2,0,६,छैन,4006
1,0,६,छैन,4007
2,0,६,छैन,4008
2,0,६,छैन,4009
4,0,६,छ,4010
2,0,६,छैन,4011
1,0,६,छैन,4012
2,0,६,छैन,4013
2,0,६,छैन,4014
2,0,६,छैन,4015
2,0,६,छैन,4016
2,0,६,छैन,4017
1,0,६,छैन,4018
4,0,६,छैन,4019
2,0,६,छैन,4020
1,0,६,छैन,4021
2,2,६,छैन,4022
2,0,६,छैन,4022
2,0,२,छैन,4023
1,0,६,छैन,4024
1,0,६,छैन,4025
1,0,६,छैन,4025
1,0,६,छैन,4026
2,0,६,छैन,4027
1,0,६,छैन,4028
2,0,६,छैन,4029
1,0,६,छैन,4030
2,0,६,छैन,4030
2,0,६,छैन,4031
2,0,६,छैन,4032
4,0,१,छैन,4033
1,0,६,छैन,4034
1,0,६,छैन,4035
2,0,६,छैन,4036
2,0,६,छैन,4037
2,0,६,छैन,4037
2,0,६,छैन,4037
5,2,६,छ,4037
2,0,६,छैन,4038
1,0,६,छैन,4039
2,0,६,छैन,4040
4,0,६,छैन,4041
1,0,६,छैन,4042
1,0,६,छैन,4043
1,0,६,छैन,4044
1,0,६,छैन,4045
1,0,६,छैन,4046
1,0,६,छैन,4047
1,0,६,छैन,4048
1,0,६,छैन,4049
2,0,६,छैन,4050
1,0,६,छैन,4051
1,0,६,छैन,4052
2,0,६,छैन,4053
1,0,६,छैन,4054
1,0,६,छैन,4055
1,0,६,छैन,4056
1,0,६,छैन,4057
2,0,६,छैन,4058
2,0,६,छैन,4059
2,0,६,छैन,4060
2,0,२,छ,4061
3,0,२,छ,4061
2,0,६,छैन,4062
1,0,२,छ,4063
1,0,२,छ,4063
1,0,२,छ,4063
1,0,६,छैन,4064
1,0,१,छैन,4065
4,0,१,छैन,4066
4,2,१,छैन,4066
2,0,१,छैन,4067
2,0,२,छैन,4068
4,0,२,छ,4069
2,0,२,छ,4069
2,0,६,छैन,4070
2,0,६,छैन,4071
2,0,६,छैन,4072
2,0,६,छैन,4073
2,0,६,छैन,4074
2,0,६,छैन,4075
2,0,२,छैन,4076
2,0,५,छैन,4077
2,0,३,छैन,4078
4,0,७,छैन,4079
1,0,५,छैन,4080
2,0,२,छैन,4081
2,0,३,छैन,4082
2,0,३,छैन,4083
1,0,५,छैन,4084
3,0,५,छैन,4085
5,0,२,छ,4086
2,0,२,छ,4087
6,0,२,छ,4088
7,0,७,छैन,4089
1,0,७,छैन,4089
2,0,२,छैन,4090
1,0,३,छैन,4091
2,0,४,छैन,4092
2,0,४,छैन,4093
2,0,४,छैन,4094
2,0,५,छैन,4095
2,0,५,छैन,4095
2,0,५,छैन,4095
2,0,४,छैन,4096
2,0,४,छैन,4097
2,0,२,छैन,4098
2,0,४,छैन,4099
2,0,४,छैन,4100
2,0,४,छैन,4101
2,0,४,छैन,4102
2,0,४,छैन,4102
2,0,४,छैन,4103
2,0,४,छैन,4104
2,0,४,छैन,4105
2,0,४,छैन,4106
4,0,२,छैन,4107
1,0,२,छैन,4107
1,0,२,छैन,4107
1,0,२,छैन,4108
2,0,२,छैन,4108
2,0,४,छैन,4109
2,0,४,छैन,4110
2,0,४,छैन,4111
4,0,७,छैन,4112
2,0,४,छैन,4113
2,0,४,छैन,4114
2,0,४,छैन,4114
2,0,४,छैन,4115
2,0,४,छैन,4116
2,0,४,छैन,4117
2,0,४,छैन,4118
2,0,४,छैन,4118
1,0,४,छैन,4118
3,0,४,छैन,4119
2,0,४,छैन,4120
2,0,४,छैन,4121
2,0,४,छैन,4122
2,0,४,छैन,4123
2,0,४,छैन,4123
2,0,४,छैन,4124
2,0,४,छैन,4125
2,0,४,छैन,4125
2,0,१,छैन,4126
2,0,१,छैन,4127
2,0,१,छैन,4128
2,0,१,छैन,4129
2,0,१,छैन,4130
1,0,१,छैन,4130
2,0,१,छैन,4131
2,0,१,छैन,4131
2,0,१,छैन,4132
2,0,४,छैन,4133
1,0,१,छैन,4134
2,0,१,छैन,4135
1,0,१,छैन,4136
2,0,१,छैन,4137
2,0,१,छैन,4138
2,0,१,छैन,4139
1,0,१,छैन,4139
2,0,१,छैन,4140
1,0,१,छैन,4141
2,0,१,छैन,4142
1,0,१,छैन,4142
2,0,१,छैन,4143
1,0,१,छैन,4144
1,0,१,छैन,4145
2,0,१,छैन,4145
2,0,१,छैन,4146
2,0,१,छैन,4147
2,0,१,छैन,4148
2,0,१,छैन,4149
2,0,१,छैन,4149
2,0,१,छैन,4150
2,0,१,छैन,4151
2,0,४,छैन,4152
2,0,४,छैन,4153
6,0,४,छैन,4154
2,0,४,छैन,4155
4,0,४,छैन,4155
2,0,४,छैन,4156
2,0,४,छैन,4157
1,0,४,छैन,4157
4,0,४,छैन,4158
2,0,४,छैन,4159
1,0,४,छैन,4159
2,0,४,छैन,4160
2,0,४,छैन,4160
2,0,४,छैन,4161
2,0,४,छैन,4162
2,0,४,छैन,4163
2,0,४,छैन,4164
2,0,४,छैन,4165
1,0,५,छैन,4166
3,0,४,छैन,4167
2,0,४,छैन,4168
2,0,४,छैन,4169
2,0,४,छैन,4170
2,0,४,छैन,4170
3,0,४,छैन,4171
2,0,४,छैन,4172
2,0,४,छैन,4173
2,0,४,छैन,4173
1,0,६,छैन,4174
2,0,४,छैन,4175
2,0,४,छैन,4176
2,0,४,छैन,4177
1,0,५,छैन,4178
3,0,४,छैन,4179
2,0,४,छैन,4179
2,0,४,छैन,4180
2,0,४,छैन,4180
2,0,४,छैन,4181
2,0,४,छैन,4182
3,0,४,छैन,4183
2,0,४,छैन,4184
2,0,४,छैन,4185
2,0,४,छैन,4186
2,0,४,छैन,4186
2,0,४,छैन,4187
3,0,४,छैन,4188
2,0,४,छैन,4189
2,0,४,छैन,4190
2,0,४,छैन,4190
2,0,४,छैन,4191
2,0,४,छैन,4191
2,0,४,छैन,4192
2,0,४,छैन,4192
2,0,४,छैन,4192
2,0,४,छैन,4193
2,0,४,छैन,4194
2,0,४,छैन,4194
3,0,४,छैन,4195
2,0,४,छैन,4196
2,0,४,छैन,4196
2,0,४,छैन,4197
2,0,४,छैन,4197
2,0,४,छैन,4198
2,0,४,छैन,4198
2,0,४,छैन,4199
2,0,५,छैन,4200
2,0,४,छैन,4201
2,0,४,छैन,4202
1,0,४,छैन,4202
2,0,४,छैन,4203
2,0,४,छैन,4204
2,0,४,छैन,4205
1,0,५,छैन,4206
2,0,४,छैन,4207
2,0,६,छैन,4208
2,0,४,छैन,4209
1,0,४,छैन,4209
2,0,४,छैन,4210
2,2,४,छैन,4210
2,0,४,छैन,4210
3,0,४,छैन,4211
2,0,५,छैन,4212
2,0,३,छैन,4213
2,0,४,छैन,4214
2,0,४,छैन,4214
2,0,५,छैन,4215
1,0,५,छैन,4216
2,0,४,छैन,4217
2,0,६,छैन,4218
1,0,५,छैन,4219
2,0,४,छैन,4220
2,0,४,छैन,4220
1,0,५,छैन,4221
1,0,६,छैन,4222
2,0,४,छैन,4223
2,0,४,छैन,4223
2,0,४,छैन,4224
2,0,४,छैन,4224
2,0,५,छैन,4225
3,0,४,छैन,4226
1,0,६,छैन,4227
2,0,४,छैन,4228
2,0,४,छैन,4229
2,0,४,छैन,4230
2,0,४,छैन,4231
2,0,४,छैन,4231
2,0,४,छैन,4232
2,0,४,छैन,4232
2,0,४,छैन,4232
2,0,६,छैन,4233
2,0,४,छैन,4234
2,0,४,छैन,4235
2,0,४,छैन,4236
2,0,४,छैन,4237
2,0,४,छैन,4238
2,0,६,छैन,4239
2,0,४,छैन,4240
2,0,४,छैन,4241
2,0,४,छैन,4242
4,0,४,छैन,4243
2,0,४,छैन,4244
2,0,४,छैन,4244
1,0,६,छैन,4245
2,0,५,छैन,4246
1,0,५,छैन,4247
2,0,५,छैन,4247
1,0,५,छैन,4248
2,0,५,छैन,4249
2,0,५,छैन,4250
2,0,२,छैन,4251
1,0,५,छैन,4252
1,0,५,छैन,4253
2,0,५,छैन,4254
3,0,५,छैन,4255
2,0,५,छैन,4256
1,0,२,छैन,4257
2,0,५,छैन,4260
3,0,५,छैन,4261
2,0,५,छैन,4262
1,0,५,छैन,4262
2,0,२,छैन,4263
2,0,५,छैन,4264
1,0,५,छैन,4265
2,0,५,छैन,4266
2,0,५,छैन,4267
3,0,५,छैन,4268
1,0,५,छैन,4268
2,0,२,छैन,4269
1,0,५,छैन,4270
4,0,५,छैन,4270
2,0,५,छैन,4271
2,0,२,छैन,4272
2,0,२,छैन,4273
3,0,२,छैन,4274
2,0,२,छैन,4275
3,0,२,छैन,4276
2,0,२,छैन,4277
3,0,२,छैन,4278
2,0,२,छैन,4279
1,0,२,छैन,4280
2,0,२,छैन,4281
1,0,२,छैन,4282
1,0,२,छैन,4283
2,0,२,छैन,4284
2,0,२,छ,4285
2,0,५,छैन,4286
3,0,२,छैन,4287
2,0,५,छैन,4288
3,0,२,छैन,4289
5,1,५,छैन,4290
2,0,५,छैन,4291
2,0,२,छैन,4292
3,0,२,छैन,4293
2,0,३,छ,4294
2,0,३,छैन,4294
3,0,२,छैन,4295
2,0,२,छैन,4296
3,0,२,छैन,4297
2,0,२,छैन,4298
2,0,५,छैन,4299
1,0,२,छैन,4300
2,0,५,छैन,4301
2,0,३,छैन,4302
6,0,५,छ,4303
4,0,५,छैन,4304
2,0,५,छैन,4304
1,0,५,छैन,4305
2,0,५,छैन,4305
3,0,५,छैन,4306
2,0,५,छैन,4307
2,0,५,छैन,4307
4,0,५,छैन,4308
2,0,१,छैन,4309
2,0,१,छैन,4310
2,0,१,छैन,4311
2,0,५,छैन,4312
1,0,५,छैन,4313
2,0,५,छैन,4313
2,0,५,छैन,4314
1,0,५,छैन,4314
4,0,५,छैन,4315
2,0,२,छैन,4316
1,0,२,छैन,4317
2,0,२,छैन,4318
1,0,५,छैन,4319
4,0,३,छैन,4320
3,0,३,छैन,4321
4,0,३,छैन,4322
2,0,५,छैन,4323
2,0,२,छैन,4324
2,0,५,छैन,4325
8,0,५,छैन,4326
1,0,२,छैन,4326
2,0,३,छैन,4327
2,0,३,छैन,4328
1,0,२,छैन,4329
2,0,३,छैन,4330
2,0,५,छैन,4331
2,0,५,छैन,4332
2,0,५,छैन,4333
4,0,५,छैन,4334
4,0,५,छैन,4335
2,0,५,छैन,4336
1,0,५,छैन,4337
4,0,५,छैन,4338
4,0,५,छैन,4339
2,0,५,छैन,4340
2,0,५,छैन,4341
2,0,५,छैन,4342
2,0,५,छैन,4343
4,2,५,छैन,4343
2,0,५,छैन,4344
4,0,५,छ,4346
2,0,३,छैन,4347
1,0,३,छैन,4347
2,0,३,छैन,4348
4,0,३,छैन,4349
2,0,१,छैन,4350
2,0,७,छैन,4351
2,0,३,छैन,4352
2,0,३,छैन,4353
2,0,३,छैन,4354
2,0,३,छैन,4355
2,0,५,छैन,4356
2,0,३,छैन,4357
2,0,२,छ,4358
2,0,५,छैन,4359
2,0,३,छैन,4360
2,0,३,छैन,4361
1,0,३,छैन,4361
2,0,३,छैन,4362
2,0,३,छैन,4363
1,0,३,छैन,4363
1,0,३,छैन,4364
4,0,३,छैन,4365
2,0,४,छैन,4366
2,0,४,छैन,4367
4,0,४,छैन,4368
3,0,४,छ,4369
2,0,४,छ,4370
2,0,४,छ,4371
2,8,४,छ,4371
2,0,३,छैन,4372
1,0,३,छैन,4372
2,0,४,छ,4373
2,0,४,छ,4374
3,0,४,छ,4375
3,0,४,छ,4376
3,0,४,छ,4377
3,0,४,छ,4378
3,0,४,छ,4379
1,0,२,छैन,4380
1,0,२,छैन,4380
2,0,४,छैन,4381
2,0,४,छैन,4382
3,0,५,छैन,4383
2,0,३,छैन,4384
3,0,२,छ,4385
4,0,७,छैन,4386
2,0,१,छैन,4387
2,0,२,छ,4388
2,0,५,छैन,4389
2,0,३,छैन,4390
2,0,७,छैन,4392
1,0,७,छैन,4393
3,0,७,छैन,4394
2,0,७,छैन,4395
2,0,७,छैन,4396
1,0,७,छैन,4396
3,0,७,छैन,4397
2,0,३,छैन,4398
2,0,७,छैन,4399
2,0,७,छैन,4400
2,0,७,छैन,4401
2,0,७,छैन,4402
2,0,७,छैन,4403
2,0,३,छैन,4404
4,0,७,छैन,4405
2,0,७,छैन,4406
2,0,७,छैन,4407
1,0,७,छैन,4407
1,0,७,छैन,4408
2,0,१,छैन,4409
2,0,३,छैन,4410
2,0,३,छैन,4411
2,0,३,छैन,4412
2,0,५,छैन,4413
2,0,३,छैन,4414
2,0,३,छैन,4414
2,0,३,छैन,4415
2,0,५,छैन,4416
2,0,५,छैन,4417
2,0,५,छैन,4417
2,0,५,छैन,4417
2,0,५,छैन,4417
2,0,५,छैन,4418
2,0,६,छैन,4419
1,0,६,छैन,4420
2,0,६,छैन,4421
2,0,५,छैन,4422
1,0,५,छैन,4423
2,0,५,छैन,4424
2,0,५,छैन,4425
2,0,५,छैन,4426
2,0,५,छैन,4428
2,0,५,छैन,4429
1,0,६,छैन,4430
1,0,६,छैन,4431
2,0,५,छैन,4432
2,0,५,छैन,4433
2,0,६,छैन,4434
2,0,३,छैन,4435
2,0,३,छैन,4436
1,0,३,छैन,4436
2,0,६,छैन,4437
2,0,५,छैन,4438
8,4,५,छ,4439
2,0,३,छैन,4440
2,0,३,छैन,4441
3,0,३,छैन,4441
2,0,६,छैन,4442
1,0,६,छैन,4442
2,0,६,छैन,4443
2,0,६,छैन,4444
2,0,३,छैन,4445
2,0,५,छैन,4446
3,0,५,छैन,4447
1,0,३,छैन,4448
1,0,५,छैन,4449
2,0,५,छैन,4449
1,0,२,छैन,4450
2,0,२,छैन,4451
2,0,५,छैन,4452
2,0,३,छैन,4453
3,0,२,छैन,4454
8,2,५,छ,4455
2,0,५,छैन,4456
2,0,२,छैन,4457
2,0,३,छैन,4458
1,0,५,छैन,4459
3,0,२,छैन,4460
1,0,५,छैन,4461
1,0,६,छैन,4462
2,0,३,छैन,4463
2,0,२,छैन,4464
2,0,५,छैन,4465
2,0,३,छैन,4466
2,0,२,छैन,4467
2,0,२,छैन,4468
2,0,३,छैन,4469
3,0,२,छैन,4470
8,1,५,छैन,4471
2,0,३,छैन,4472
2,0,२,छैन,4473
2,0,३,छैन,4474
4,0,३,छैन,4475
1,0,२,छैन,4476
2,0,३,छैन,4477
1,0,२,छैन,4478
1,0,५,छैन,4479
2,0,३,छैन,4480
2,0,२,छैन,4481
2,0,१,छैन,4482
2,0,१,छैन,4483
2,0,१,छैन,4484
2,0,३,छैन,4485
2,0,१,छैन,4486
1,0,२,छैन,4487
2,0,२,छैन,4487
2,0,१,छैन,4488
1,0,२,छैन,4489
1,0,२,छैन,4489
2,0,१,छैन,4490
2,0,३,छैन,4491
2,0,१,छैन,4492
1,0,२,छैन,4493
1,0,१,छैन,4494
2,0,१,छैन,4495
2,0,१,छैन,4496
2,0,३,छैन,4497
2,0,३,छैन,4497
1,1,१,छैन,4498
1,0,५,छैन,4499
2,0,५,छैन,4499
2,0,१,छैन,4500
4,0,२,छैन,4501
2,0,५,छैन,4502
2,0,५,छैन,4503
2,0,३,छैन,4504
1,0,२,छ,4505
2,0,३,छैन,4506
2,0,५,छैन,4507
3,0,२,छैन,4508
2,0,३,छैन,4509
2,0,५,छैन,4510
4,0,२,छैन,4511
1,0,३,छैन,4512
2,0,५,छैन,4513
2,0,२,छैन,4514
2,0,३,छैन,4515
2,0,३,छैन,4516
1,0,३,छैन,4516
2,0,५,छैन,4517
2,0,२,छैन,4518
2,0,४,छैन,4519
2,0,३,छैन,4520
2,0,७,छैन,4521
1,0,७,छैन,4521
2,0,५,छैन,4522
2,0,२,छैन,4523
2,0,३,छैन,4524
2,0,५,छैन,4525
2,0,२,छैन,4526
11,6,५,छैन,4527
2,0,३,छैन,4528
2,0,५,छैन,4529
3,0,४,छैन,4530
2,0,३,छैन,4531
2,0,२,छैन,4532
2,0,३,छैन,4533
3,0,१,छैन,4534
1,0,१,छैन,4535
2,0,१,छैन,4536
1,0,१,छैन,4537
2,0,१,छैन,4538
2,0,१,छैन,4539
1,0,१,छ,4540
2,0,१,छैन,4541
2,0,१,छ,4542
2,0,१,छैन,4542
2,0,१,छैन,4543
1,0,१,छैन,4544
4,0,१,छैन,4545
1,0,१,छैन,4546
2,0,१,छैन,4547
2,0,१,छैन,4548
2,0,१,छैन,4549
2,0,१,छैन,4550
2,0,१,छैन,4550
1,0,१,छैन,4551
1,0,१,छैन,4552
8,0,१,छैन,4553
4,0,१,छैन,4554
2,0,१,छैन,4555
4,0,१,छैन,4556
2,0,१,छैन,4557
1,0,५,छैन,4558
2,0,१,छैन,4559
1,0,५,छैन,4560
10,0,१,छैन,4561
1,0,१,छैन,4562
2,0,१,छैन,4563
8,0,७,छैन,4564
2,0,१,छैन,4565
2,0,५,छैन,4566
2,0,१,छैन,4567
2,0,३,छैन,4568
2,0,५,छैन,4569
1,0,५,छैन,4570
2,0,५,छैन,4570
2,0,५,छैन,4571
1,0,५,छैन,4571
2,0,५,छैन,4572
1,0,५,छैन,4573
1,0,५,छैन,4574
1,0,५,छैन,4575
2,0,५,छैन,4576
6,0,५,छैन,4577
1,0,५,छैन,4578
1,0,५,छैन,4579
1,0,५,छैन,4580
4,0,५,छैन,4580
2,0,५,छैन,4581
2,0,५,छैन,4582
1,0,५,छैन,4582
2,0,५,छैन,4583
2,0,५,छैन,4584
2,0,५,छैन,4585
4,0,५,छैन,4586
8,0,५,छैन,4587
2,0,५,छैन,4588
2,0,५,छैन,4589
1,0,५,छैन,4590
3,3,५,छैन,4590
2,0,५,छैन,4591
2,0,५,छैन,4591
4,0,५,छैन,4592
2,0,५,छैन,4593
2,0,५,छैन,4594
2,0,५,छैन,4595
4,0,५,छैन,4596
2,0,५,छैन,4597
1,0,५,छैन,4598
3,0,५,छैन,4599
2,0,५,छैन,4600
1,8,५,छैन,4601
1,0,५,छैन,4602
2,8,५,छैन,4602
7,4,५,छैन,4603
1,0,५,छैन,4604
4,0,५,छ,4605
3,0,४,छैन,4606
3,0,५,छैन,4607
2,0,७,छैन,4608
2,0,३,छैन,4609
1,0,४,छैन,4610
1,0,४,छैन,4610
2,0,५,छैन,4611
1,0,६,छैन,4612
2,0,२,छैन,4613
2,0,३,छैन,4614
2,0,३,छैन,4615
4,0,३,छैन,4615
2,0,३,छैन,4616
2,0,२,छैन,4617
1,0,२,छैन,4618
2,0,२,छैन,4619
4,0,२,छैन,4620
1,0,२,छैन,4620
2,0,५,छैन,4621
2,0,२,छैन,4622
2,0,२,छैन,4623
2,0,२,छैन,4624
2,0,२,छैन,4625
2,0,२,छैन,4626
2,0,२,छैन,4627
2,0,६,छैन,4628
2,0,२,छैन,4629
2,0,५,छैन,4630
4,0,५,छैन,4630
8,2,५,छ,4631
9,0,५,छ,4632
3,0,५,छैन,4633
5,1,५,छैन,4634
1,0,५,छैन,4635
2,0,३,छैन,4636
2,0,५,छैन,4637
1,0,३,छैन,4638
1,0,७,छैन,4639
1,0,७,छैन,4639
2,0,३,छैन,4640
3,0,५,छैन,4641
4,0,१,छैन,4642
2,0,१,छैन,4643
3,0,५,छैन,4644
2,0,५,छैन,4645
2,0,१,छ,4646
2,0,१,छैन,4647
2,0,५,छैन,4648
1,0,५,छैन,4648
2,0,५,छैन,4649
2,0,५,छैन,4650
2,0,५,छैन,4651
4,0,५,छैन,4652
2,0,१,छैन,4653
2,0,५,छैन,4654
2,0,३,छैन,4655
1,0,१,छैन,4656
2,0,३,छैन,4657
4,0,४,छैन,4658
2,0,१,छैन,4659
2,0,१,छैन,4660
2,0,१,छैन,4661
2,0,१,छैन,4662
2,0,५,छैन,4663
1,0,५,छैन,4663
2,0,३,छैन,4664
2,0,५,छैन,4665
1,0,५,छैन,4666
1,0,५,छैन,4667
2,0,५,छैन,4668
5,0,२,छ,4669
3,0,२,छ,4670
4,0,५,छैन,4671
2,0,५,छैन,4672
2,0,५,छैन,4672
2,0,५,छैन,4673
1,0,५,छैन,4673
2,0,५,छैन,4674
2,0,६,छैन,4675
2,0,५,छैन,4676
2,0,३,छैन,4677
1,0,५,छैन,4678
2,0,२,छैन,4679
1,0,२,छैन,4679
2,0,५,छैन,4680
1,0,५,छैन,4680
3,0,५,छैन,4681
1,0,५,छैन,4682
2,0,५,छैन,4683
1,0,३,छैन,4684
2,0,२,छैन,4685
2,0,३,छैन,4686
3,0,३,छैन,4687
2,0,५,छैन,4688
2,0,५,छैन,4688
1,0,२,छैन,4689
1,0,२,छैन,4689
3,0,२,छैन,4690
2,0,३,छैन,4691
2,0,३,छैन,4691
1,0,२,छैन,4692
1,4,२,छैन,4693
2,0,३,छैन,4694
2,0,१,छैन,4695
2,0,३,छैन,4696
2,0,३,छैन,4697
2,0,३,छैन,4698
2,0,२,छैन,4699
2,0,३,छैन,4700
2,0,३,छैन,4701
2,0,५,छैन,4702
2,0,५,छैन,4703
2,0,३,छैन,4704
2,0,३,छैन,4705
1,0,३,छैन,4705
2,0,३,छैन,4706
2,0,५,छैन,4707
2,0,५,छैन,4708
3,0,५,छैन,4709
1,0,५,छैन,4710
2,0,५,छैन,4710
1,0,२,छैन,4711
1,0,५,छैन,4712
2,0,२,छैन,4713
2,0,२,छैन,4714
2,0,५,छैन,4715
2,0,२,छैन,4716
2,0,२,छैन,4717
2,0,३,छैन,4718
4,0,३,छैन,4719
4,0,४,छैन,4720
2,0,४,छैन,4720
2,0,४,छैन,4720
2,0,४,छैन,4720
2,0,४,छैन,4721
2,0,४,छैन,4722
3,0,५,छैन,4723
2,0,५,छ,4724
4,0,५,छ,4725
42,0,५,छैन,4726
3,0,४,छैन,4727
9,0,५,छैन,4728
2,0,५,छैन,4728
3,1,५,छैन,4729
3,0,४,छैन,4730
6,0,५,छैन,4731
2,0,३,छैन,4732
4,1,४,छैन,4733
3,0,४,छैन,4733
2,0,३,छैन,4734
4,0,४,छैन,4735
2,0,७,छैन,4736
2,0,४,छैन,4737
2,0,४,छैन,4737
2,0,४,छैन,4737
2,0,४,छैन,4737
4,0,४,छैन,4738
1,0,४,छैन,4738
5,3,४,छैन,4738
4,0,४,छैन,4739
2,0,३,छैन,4740
7,0,४,छैन,4741
2,0,४,छैन,4741
1,0,१,छैन,4742
2,0,१,छैन,4743
1,0,१,छैन,4744
2,0,१,छैन,4745
2,0,१,छैन,4746
2,0,१,छैन,4747
1,0,१,छैन,4748
1,0,१,छैन,4749
1,0,१,छैन,4749
2,0,१,छैन,4750
4,0,१,छैन,4751
2,0,१,छैन,4752
2,0,१,छैन,4753
2,0,१,छैन,4754
2,0,१,छैन,4755
1,0,१,छैन,4756
2,0,१,छैन,4757
2,1,१,छैन,4758
2,0,१,छैन,4759
2,1,१,छैन,4760
1,0,३,छैन,4761
3,0,३,छैन,4762
4,0,४,छैन,4763
1,0,२,छैन,4764
2,0,५,छैन,4765
4,0,५,छैन,4766
2,0,५,छैन,4767
2,0,३,छैन,4768
2,0,३,छैन,4769
2,0,१,छैन,4770
2,0,१,छैन,4771
4,0,४,छैन,4772
1,0,४,छैन,4772
4,0,७,छैन,4773
1,0,२,छैन,4774
1,0,१,छैन,4775
2,0,३,छैन,4776
2,0,१,छैन,4777
2,0,३,छैन,4778
2,0,१,छैन,4779
2,0,१,छैन,4780
2,0,१,छैन,4781
2,0,१,छैन,4782
2,0,३,छैन,4783
1,0,२,छैन,4784
2,0,२,छैन,4784
2,0,६,छैन,4785
1,0,६,छैन,4786
1,0,६,छैन,4787
2,0,६,छैन,4788
1,0,६,छैन,4789
1,0,६,थाहा छैन,4790
2,0,६,छैन,4791
1,0,६,थाहा छैन,4793
1,0,६,छैन,4794
2,0,६,थाहा छैन,4795
1,0,६,छैन,4796
1,0,६,छैन,4797
1,0,६,छैन,4798
4,0,६,छैन,4799
2,0,१,छैन,4800
2,0,४,छैन,4801
2,0,४,छैन,4801
2,0,१,छैन,4802
2,0,१,छैन,4802
2,0,५,छैन,4803
2,0,५,छैन,4804
2,0,१,छैन,4805
1,0,५,छैन,4806
3,0,५,छैन,4806
2,0,५,छैन,4807
2,0,५,छैन,4808
4,0,५,छैन,4809
2,0,२,छैन,4810
1,0,२,छैन,4810
2,0,५,छैन,4811
2,0,५,छैन,4812
2,0,५,छैन,4813
2,0,५,छैन,4814
1,0,५,छैन,4815
2,0,२,छैन,4816
1,0,५,छैन,4817
1,0,५,छैन,4818
2,0,५,छैन,4819
2,0,३,छैन,4820
2,0,१,छैन,4821
2,0,१,छैन,4822
2,0,३,छैन,4823
2,0,५,छैन,4824
2,0,३,छैन,4825
3,0,३,छैन,4826
4,0,३,छैन,4827
2,0,३,छैन,4828
2,0,३,छैन,4829
2,0,३,छैन,4830
1,0,३,छैन,4830
2,0,३,छैन,4831
3,0,२,छैन,4832
2,0,२,छैन,4832
2,0,२,छैन,4833
1,0,३,छैन,4834
2,0,३,छैन,4835
2,0,५,छैन,4836
2,0,३,छैन,4837
1,0,५,छैन,4838
2,0,२,छैन,4839
2,0,२,छैन,4839
2,0,३,छैन,4840
2,0,३,छैन,4841
2,0,३,छैन,4842
2,0,१,छैन,4843
4,0,३,छैन,4844
2,0,३,छैन,4845
2,0,३,छैन,4846
2,0,२,छैन,4847
2,0,१,छैन,4848
2,0,७,छैन,4849
1,0,७,छैन,4849
2,0,१,छैन,4850
2,0,३,छैन,4851
2,0,१,छैन,4852
2,0,१,छैन,4853
2,0,३,छैन,4854
2,0,२,छैन,4855
2,0,१,छैन,4856
2,0,३,छैन,4857
2,0,१,छैन,4858
3,0,७,छैन,4859
2,0,७,छैन,4859
2,0,३,छैन,4860
2,0,२,छैन,4861
2,0,३,छैन,4862
2,0,५,छैन,4863
1,0,१,छैन,4864
2,0,३,छैन,4865
1,0,६,छैन,4866
2,0,२,छैन,4867
2,0,४,छैन,4868
2,0,४,छैन,4869
2,0,४,छैन,4870
3,0,४,छैन,4871
4,0,४,छैन,4872
4,0,४,छैन,4873
2,0,४,छैन,4874
2,0,४,छैन,4875
2,0,४,छैन,4876
2,0,४,छैन,4877
1,2,४,छैन,4878
1,0,१,छैन,4879
3,0,४,छैन,4880
3,0,४,छैन,4881
2,0,४,छैन,4882
2,0,४,छैन,4883
1,0,४,छैन,4884
2,0,४,छैन,4885
2,0,४,छैन,4886
2,0,४,छैन,4887
2,0,४,छैन,4888
3,0,४,छैन,4889
4,0,४,छैन,4890
4,0,४,छैन,4891
3,0,४,छैन,4892
3,0,४,छैन,4893
2,0,२,छैन,4894
2,0,५,छ,4895
2,8,४,छ,4895
2,0,४,छ,4896
3,0,४,छ,4897
2,0,४,छ,4898
2,0,४,छ,4899
1,0,२,छैन,4900
2,0,४,छ,4901
1,0,२,छैन,4902
2,0,२,छैन,4902
1,0,२,छैन,4903
1,0,२,छैन,4903
2,0,५,छैन,4904
3,0,५,छैन,4905
3,0,४,छ,4906
1,0,५,छैन,4907
2,0,५,छैन,4907
1,0,४,छैन,4908
3,0,४,छैन,4909
1,0,५,छैन,4910
1,0,५,छैन,4910
2,0,४,छैन,4911
2,0,४,छैन,4912
2,0,४,छैन,4913
4,0,४,छैन,4914
2,0,४,छैन,4915
2,0,४,छैन,4916
2,0,४,छैन,4917
2,0,४,छैन,4918
4,0,४,छैन,4919
1,0,४,छैन,4920
2,0,४,छैन,4921
2,0,४,छैन,4922
2,0,४,छैन,4923
2,0,४,छैन,4924
2,0,४,छैन,4925
4,0,४,छैन,4926
1,0,४,छैन,4927
2,0,४,छैन,4928
2,0,४,छैन,4929
2,0,४,छैन,4930
2,0,४,छैन,4931
2,0,४,छैन,4932
3,0,४,छैन,4933
2,0,५,छैन,4934
3,0,४,छैन,4935
2,0,४,छैन,4936
2,0,४,छैन,4937
2,0,४,छैन,4938
2,0,४,छैन,4939
6,0,४,छैन,4940
3,0,४,छैन,4941
3,0,४,छैन,4942
2,0,५,छैन,4943
3,0,४,छैन,4944
3,0,४,छैन,4945
2,0,५,छैन,4946
3,0,४,छैन,4947
4,0,४,छैन,4948
3,0,४,छैन,4949
4,0,४,छैन,4950
2,0,५,छैन,4951
2,0,५,छैन,4952
1,0,५,छैन,4953
1,0,५,छैन,4954
2,7,३,छैन,4955
6,0,५,छैन,4956
2,0,२,छैन,4957
4,0,३,छैन,4958
2,0,३,छैन,4959
1,0,५,छैन,4960
3,0,३,छैन,4961
2,0,३,छैन,4961
2,0,३,छैन,4962
2,0,३,छैन,4963
2,0,७,छैन,4964
2,0,१,छैन,4965
1,0,१,छैन,4966
2,0,१,छैन,4967
2,0,६,छैन,4968
1,0,६,छैन,4969
2,0,६,छैन,4970
1,0,६,छैन,4971
1,0,६,छैन,4971
2,0,६,छैन,4972
1,0,१,छैन,4973
2,0,१,छैन,4974
3,0,१,छैन,4975
1,0,६,छैन,4976
1,0,१,छैन,4977
2,0,१,छैन,4978
1,0,१,छैन,4979
4,0,३,छैन,4980
2,0,३,छैन,4981
1,0,३,छैन,4981
2,0,३,छैन,4982
2,0,६,छैन,4983
1,0,६,छैन,4984
2,0,३,छैन,4985
2,0,३,छैन,4986
1,0,२,छैन,4987
1,0,६,छैन,4988
2,0,३,छैन,4989
2,0,३,छैन,4990
2,0,३,छैन,4991
4,0,३,छैन,4992
4,0,३,छैन,4993
1,0,३,छैन,4993
1,0,३,छैन,4993
2,0,६,छैन,4994
2,0,३,छैन,4995
4,0,५,छैन,4996
4,1,५,छैन,4996
2,0,४,छैन,4997
1,0,१,छैन,4998
2,0,१,छैन,4999
2,0,१,छैन,5000
2,0,१,छैन,5001
2,0,१,छैन,5002
2,0,१,छैन,5003
2,0,१,छैन,5004
2,0,१,छैन,5005
1,0,१,छैन,5006
2,0,१,छैन,5007
2,0,१,छैन,5008
2,0,१,छैन,5009
2,0,१,छैन,5010
2,0,१,छैन,5011
2,0,१,छैन,5012
2,0,१,छैन,5013
2,0,१,छ,5014
2,0,१,छैन,5015
2,0,१,छैन,5016
2,0,१,छैन,5017
2,0,१,छैन,5018
2,0,१,छैन,5019
2,0,१,छैन,5020
1,0,१,छैन,5021
2,0,१,छैन,5022
2,0,१,छैन,5023
2,0,४,छैन,5024
2,0,१,छैन,5025
2,0,१,छैन,5026
2,0,१,छैन,5027
2,0,१,छैन,5028
1,0,१,छैन,5029
2,0,१,छैन,5030
2,0,१,छैन,5031
2,0,१,छैन,5032
2,0,१,छैन,5033
2,0,१,छैन,5034
2,0,१,छैन,5035
2,0,१,छैन,5036
2,0,१,छैन,5037
2,0,१,छैन,5038
2,0,१,छैन,5039
2,0,१,छैन,5040
1,0,१,छैन,5041
2,0,१,छैन,5042
1,0,५,छैन,5043
1,0,५,छैन,5043
2,0,४,छैन,5044
3,0,३,छैन,5045
2,0,५,छैन,5046
2,0,५,छैन,5047
1,0,६,छैन,5048
2,0,३,छैन,5049
1,0,५,छैन,5050
4,0,३,छैन,5051
2,0,४,छैन,5052
1,0,२,छैन,5053
2,0,६,छैन,5054
4,0,३,छैन,5055
1,0,३,छैन,5055
1,0,२,छैन,5056
2,0,३,छैन,5057
1,0,३,छैन,5057
2,0,३,छैन,5058
2,0,२,छैन,5059
1,0,२,छैन,5059
2,0,६,छैन,5060
2,0,१,छैन,5061
1,0,२,छैन,5062
1,0,६,छैन,5063
1,1,२,छैन,5064
1,0,२,छैन,5064
2,0,२,छैन,5064
2,0,३,छैन,5065
1,0,७,छैन,5066
4,0,३,छैन,5067
2,0,४,छैन,5068
2,0,५,छैन,5069
2,0,५,छैन,5069
1,0,६,छैन,5070
1,0,२,छैन,5071
2,0,२,छैन,5071
4,0,३,छैन,5072
2,0,३,छैन,5073
1,0,५,छैन,5074
2,0,६,छैन,5075
2,0,३,छैन,5076
2,0,५,छैन,5077
2,0,३,छैन,5078
4,0,५,छैन,5079
2,0,६,छैन,5080
2,0,३,छैन,5081
1,0,३,छैन,5081
2,0,२,छैन,5082
2,0,७,छैन,5083
1,0,६,छैन,5084
2,0,४,छैन,5085
2,0,५,छैन,5086
2,0,३,छैन,5087
1,0,३,छैन,5087
1,0,५,छैन,5088
1,0,६,छैन,5089
2,0,२,छैन,5090
2,0,५,छैन,5091
1,0,२,छैन,5092
2,0,३,छैन,5093
2,0,४,छैन,5094
2,0,५,छैन,5095
3,0,२,छैन,5096
1,0,३,छैन,5097
2,0,३,छैन,5098
4,0,३,छैन,5098
1,0,५,छैन,5099
1,0,२,छैन,5100
2,0,२,छ,5101
2,0,२,छ,5102
4,0,२,छ,5103
1,0,७,छैन,5104
2,0,१,छैन,5105
3,0,२,छ,5106
1,0,२,छैन,5107
1,0,६,छैन,5108
1,0,६,छैन,5109
8,0,१,छैन,5110
1,0,१,छैन,5110
2,0,६,छैन,5111
2,0,२,छैन,5112
2,0,३,छैन,5113
2,0,२,छैन,5114
3,0,२,छैन,5115
4,0,१,छैन,5116
1,0,६,छैन,5117
2,0,१,छैन,5118
2,0,६,छैन,5119
2,0,१,छैन,5120
1,0,२,छैन,5121
2,0,६,छैन,5122
4,0,१,छैन,5123
2,0,२,छैन,5124
3,0,६,छैन,5125
4,0,६,छैन,5125
4,0,१,छैन,5126
2,0,२,छैन,5127
2,0,६,छैन,5128
2,0,१,छैन,5129
2,0,२,छैन,5130
1,0,२,छैन,5130
2,0,३,छैन,5131
1,0,२,छैन,5132
2,0,५,छैन,5133
4,0,१,छैन,5134
2,0,४,छैन,5135
2,0,२,छैन,5136
2,3,२,छ,5137
2,0,२,छैन,5138
2,0,२,छ,5139
1,0,६,छैन,5140
1,0,७,छैन,5141
3,0,२,छैन,5142
2,0,६,छैन,5143
1,0,१,छैन,5144
2,0,१,छैन,5145
1,0,५,छैन,5146
2,0,६,छैन,5147
2,0,६,छैन,5147
2,0,२,छैन,5148
2,0,१,छैन,5149
2,0,६,छैन,5150
2,0,६,छैन,5150
2,0,१,छैन,5151
2,0,१,छैन,5152
3,0,२,छ,5153
1,0,२,छ,5154
2,0,६,छैन,5155
2,0,१,छैन,5156
2,0,२,छैन,5157
1,0,२,छैन,5158
1,0,२,छ,5159
1,0,२,छ,5160
2,0,३,छैन,5161
1,0,६,छैन,5162
4,0,३,छैन,5163
1,0,३,छैन,5163
3,0,२,छैन,5164
1,0,६,छैन,5165
2,0,१,छैन,5166
1,0,७,छैन,5167
1,0,७,छैन,5167
4,0,६,छैन,5168
2,0,३,छैन,5169
2,0,३,छैन,5170
2,0,३,छैन,5171
1,0,३,छैन,5171
2,0,३,छैन,5172
2,0,२,छैन,5173
3,0,५,छैन,5174
2,0,३,छैन,5175
